Sample_name,Query_name,start,length,end,blast_concluded-name,blast_absolute-similarity,blast_refseq,blast_reverse-complement,cluster_type,cluster_type_support,nucleotides
SRR7892478,NODE_14_length_3325_cov_55.737,-14,3325,3311,Reoviridae Rotavirus A segment 1,78.74016,NC_011507,true,R1,100.0,GTGTTTGGGGTCACATCTAAGCACTCTAATCTTGAAAGAAATTCGCACTAGTATAGGGAGACCGTAATGCTGTTATGTTCCACATTTTCTTCCATAGTTTAATCATCTCAGATTTTGGGTAATTACAGAACAAACTAATCCATGTTCCATTCTTAATGGCATGATTTATTATTTCAAGTTTTGCGTAAAGATGTAATATAAATGTTACGGCTGGTATCTTACCTTTAAAAGGAATTCGTATAAGTTTCTCTAAATCTGGAGAATTAAAATCGAATAATTGATAACATCCATAATTAATTGATAATAAATTATATACGTAAGATTCTAATATTTTATACTTGTCTTGCGAATATATCCTTGACCCGACGTACGTGCCTGCATCAACTGGCGGAACTCCTAGTGAAACTAAATACAACTGTATTTCTTGTTCTCGTAAAGATATAACTTTATATAGTTCTTCAATTGATGGTTTGTAAACTGAGTACTTTGATATTAACTTCGAAATCGATGATTTCGACCCACTATCTTCTATCTGATACGTCCTTGATCCTATACATTGTATAACATATTGGACGTTATCAGGTAGTGTTGGCATAAATTTTCTGTATTGAATTGACAAATTGGCTTCAGAAGTAACAAAAAATGGTTTTATGTCACGCAAAATGTCATTAATGGTAATTTTATTTGATTTAAACGACACTGGCTTTTGTAACATAGTTAATAGCGCTGATATTTGCGCACGACGTTTTTCTAAATAAACTGGTGCATATGAATTCAATTTTGCTTTTTCTGTTACAGCTATACCTTTGGATACAATTACGTTTTTTGATACTAATAGTTGGTCAGATAATTTATTAACATAATTTTTGAATGTTTGTGAAGAGACAATTTCATCAGCTATTCCTGACTTTTGACTAGACAATGACATAAATGCTCTCTGTATATATACTTCATCGTCAGTTGTTCCATACTCTATAATGAAATCTTCTGAATCAAATACTTTGAATGTAGAATTAGTAGTTAACACTCGTTCTGACGGAAATAGCCTTAGTGATCCAGTAATGGCTACAGATGTCATTTGTATAATTTTAGTTAATATAAATTCTCTATCAGTCTCAAATCCTCGTAATTTGTTAACAATGTAGTTCGAATATAAAATAGCTGCTTGATCCCATTGTGTGCTTTGTCCACGCTTCTCGTTATTTAATAAGTTTATACCAGCTCTAAAAAATATTTTTCCTCCAGCTATATATCTTTTTGCTATTTCAATACCGACTGTAGATACCAATGCTTTAACTTTAGCATTCATTCTAGAATATATATGTCTCACATCGTTTGACACATCTTGGACCATTTGTTTAGTGACATCGGTGTTAAATTGTAGTACTGCATAATTATCATCACCATCAACTCTGATTATTTTGGTTATAAAAGAATATTTATTTGCAATCCTTGACAATACTGTTTTAATGAGTGCTAAATTAGCTATAGAATTAGCTGCCTTAGTTTGTTTTTCTCCTGAAGCAACAGCACCATACTGAATCTTTTTGGTTACATTACCATCAGGTATTTGAACATATGAATCCATGAGATTAATTTGTGTTTGTTTATATAAGTTTAGCGTTTGTATTACTTTTGGATCATTAGTCATATTAGCTAACATATCTAAACCCATAATTATTCCTTTTCTAAATGGCTGTGTGTTATGTTGTGACGAATCCCATTGTGAAACGTCTGTGTATAATACCATGGAATTACTGGATAAGAATCTTGTAACATCACCATATGATAGCAATTGATTTGACTGTGAATAAAATTCCGCATACTCTCTAGTATGCTTTGCGTATGATAACATTTTTTCTACGACAGCGTGCTGCGCAATAAAATATTCATATGGTAATATGAATATAATTCTTGTTCTTCGTCCAGGAACATCTCTACGACCTAGTGGAATTGGTCTATCTACATTTACTGGAGGAATGACACCAGGAGTATACCTTTCATGCGCAATGTCATCCATAACATGCATATTTTTCTTAGTTGAAAATATTGTTTTGCGACCAAATTTAAGTTGCCTTGATTCACCATTCGAAGCTGATGACATTGATAACAATCCAGCTAATTCTGAATCACGAAGTAGATGATCGTCATGTTTAACTGGTACTTCTAACATTTTAACTATTTCATCTCTAATTAACATTGTATACTCATTGTACATCTCACCATCTACATCTTCAGTGTACTCTGTCTTCAATTGGTCTAATGCTGCATCAATCATTTTTTGTTTTCTAAAACCAACGTGAAATGACCAAGAATAAATTTTTGACATCAGTATAAATTTCTCTAATGAACAATCAACTAACCATTCTTGAATCATTCTTGGTATGTCTACTAAACCAATTTTCTTCATATTATCAATCATTTCTTGTAATTCATCGAAAATTTGGTCAGGTACAATTGCCTTAACATATTTATCCGAAAACTCAAGTTCCAATTCTTCATTCGTAATAAACGTACCATTAATGTCTATTAATGCAACCAATATTGACATTGGAGATGAAACTAGTTTTGCTAATGTTGATCTATTTGAGTATGATAAAATTATTAGCTCTTTTGCTATTAAATAATCCTCATGTGAAAACACTGACATAAGCATTTCTATAGATGAGTTAGCCCAAGTTACTAAGTAATACGGTTTATCCTTCATCACTTCGTATTCATATCTGTATTTTTCATTATGTCTGGGTACTCCGTATTTATTTATTGTAGATGCCACTATGGTAAATAAATCTAGTCTACGTTTATAAATTTTATTTGCATCAGCAACGTCATTTGAGTGTCGTTCTAACCAAAACATAACTGCATTTAAATTTGAAGATAACGAAGTTAATATAGCAGGATCCATTAATGAATCGGTATATTCTTCGGCTGACTGAAACAGTTCAGAAGTTATTTTGTTATTTTCATAATCAAGTTCGTTTGCCGTTAAATCAGCCTCTAAAGGTTTACCTTTAGCATAATTGACTAGTTTCCGTTCCACAGCGTTGTATTTGTCATAAGAATATGATAATATAGATAATAACGTTGCATTATCTATTACATCTTTATACTCTTCAAATAAAGGTTTTAATGACATACCTTTTTTAGAACTGTCAACACATCTAGCATGAAACTCAATACATCTTTTTTCTAATTCTGAATTGGAAGAATAATAAATTGGTATTTGAACTGCAGATTGTGAATTATAAACAAATGATAAATATTCTGACAAGATTAGATTGTACTTCCCCATTGTACAGCTTTAATAGCCAAACACACCCAACAC
SRR7892478,NODE_19_length_2753_cov_36.168,-34,2753,2713,Reoviridae Rotavirus A segment 2,81.10176,NC_011506,true,C1,100.0,ACTGTGTTGGGTGTGTTTGGGTCATATCTCCACAGTGGGGTTGGCGTTTACAGTTCGTTCATAATGCGCATATTGTCAAAAGCAATTGCGTTAATAGGTTCAACCGTGTCTGCAGAAACGAAAGATAGTAAATCAGAATAAACGGTAAAAGTTAAATTAGACGTTAACATATGCATTGACGCTCTGAAATCAAAAGGTTGTGGTACTTGCTTATAAACTTTTGTGGTTGAAGTCGGTATCCAATCATAATTTGCAACTAAATAGAAATCATTAGAATCAGAATTTATTTTGTACAATATCGGTTTTAAAGTGTCCACTTTTCTAAGTTTAACTATTTGAGCAAAAACTGTGGCATCCAATTTTGCAATGAGTGATATAACTGATGAGTCGGTCACAAATGGCAATGCTCCTACCAAAGCTACAGGCTGGTTGTTTAATAGCATATTAGTAATTTGACCATAGTCTCCAGTTCTCATTAACTCTTCTAAATTGATTTGTTGATATCCATCGAGGTTCCTAGCGATGTTAACAAATCCATACATCTCATCTCTTTCTAGTTGCATATCTCTGTAAGCAATTATTACTCCTTGAGCAATTTTATCTGAAGCTCGTTCGATCTGCTCCATATTCATTAATATTAAGTTAAATATATCAAGTCTTCGTCTTTCAACTAGCAATAATCTAAGTCTGTCTCTCAACCTATACATTTGATCATCTGGTACTCGTGGAACATCAAAAATTTGCAATCTTTTTAAAAAGTCCTCGACTATTGATTTCATTTTTTTCTGATATAAGTTTAGTCTATTAGCAGCCGTAATAATAGCCACAGCATCGTTAATTCGTTCATTATAATTTGAATGAAAATTCACATTTACGTTATAATAGTGAAATAGTGTTTGTGGACTTGGAATTACTGTGGTATTTCCAATTAACATACATAAGGATGTGACAGAAGTTAACTGTAATCTTTCGGTAGTGAGAGTTTGAACATGTTGCATATTCATAGTTATACAAGCCATTAGAGTTTCATAATTATACGATAATAATCTTGTTAAATCAACTAACTGACCCAATCTGTTAGATAATAACAATATTCCTCTTTGGATTGATCTTTTATAATCAACTGGCATAGTCGGAAATTGTTGTCTAGATAACTGCATTAACGCTTCCATCAATTGATTAATAACTTGTCCATTTCTAATGTTGTCATTTAGTGTTTGATTTAACACTCCATCAATAACGACTTGTCTAAATCTATTATTGTTAATAAAATGTAACCAATTAGCTACTTGAAAATTTTGTATTTGTTGCTCTGCTATTTGAAATGGAGTCTGAGGATCGCCATTTCTATAATGCATTCTTTGCATTCCAAATGCTGGGTAAACTATAGTATTTATTATAGCCAATTCGCATGCGACTAGCGACTCACGAAGAAACATATCATTTGGTATAACAGTCAATAGCCACATGCCAGATATGAGTGACATATAATTCGTAGTTACAAAATCTAATGACATTGTACGTTGGCTTAACATAGCTGCTATCAGTGTTTTAAAACAATCATTTGCTGCTTGTGAATTTATGCCGGCCAGAAACTGCGTTTCAGATTGTATTGTTAAAGCTTCAAGTTGCAAATCTTGAGACATTTTCTGTATCTGAGCTTCAGTTGAAACTAATTCTTTTTCCTTCAAATCAGGCACGACTGATCTTGCTAATATGTAATTTGATGTAGTTATTGTATCCCATAATGACTCAAAATTATCATGTAAATTTAGTCTATCTTGCAATAGATTTGGTCTAATATATCTTGCTGTTGATGGCAAATTCATATCCATATTCAAAATATAGTTGACATCATTTCTTATTCTTTCTGGTATGTAATTAAAAATAATGTCGTTATTTAATGGTTCAACTAATTGATGGTTCAGAAAATATTCGTTAAATGCATGATCAATTGGATGTAAAATTGATGGATAATTGACAATATTTCTGTCAGCCTGAACTTGTTGTCTCATATCTGCGATAAATCTTCTGATGACTCCCTCTGTTTCCTCATCCTGAAATATAGCATCACAAATACTTGCAGTCTCAGAATCTACAACTTTACCAGCATCCCTAGAGTTTTTATTTTCTACAGCCATATCTTTTAGCAATAAATAATCTGGCATTTCTATCAGTATTTGATCATATAAATTTAAAAAATACTCGCGTACGTCATAATCTCCGTCTGGCAGCGTATCCTTTTTCAATTTCCAATACCATCTATTCCTTAATTCTTTTTCACCATTTGCTCGGTAGATTGGTAATTGCCTTGGTTCAAAGATTCTAAATAATTTCATTTGCTTCTTAGCTTGCTCTGGTTTTATATCCTCTAATTTTCTCAAAATTGATTCTTTTGGTTCAAAAGTCGGTATTGTTTTTTGTAGAATTTCGTATTGTACTTCTTTCTGATGATCTTCTTTCGTTTTTAATATTTCAAGTAACTGTTTCGACTCTTCTTTTGATGATTTTTTAACCTCATCAGCTATTTTAATGTCATCTTGTACATCAGTTATTATTTCTTCTTTTTGTGATAGCACTTTGTCAGATAATTGCTGCTTTCTATTATTATTTCTATTTTTATTTTTATTTTCCATGGTTACGTCTATATTATTTTCAATTTCTTTTTCTTGCAGACGTTCATTTTGTTGTGGTAAGTCTTCACGTTTAGCTCCGCGCTTCCTGTACGCCATTGAGCCTTTAATAGCCAACAC
SRR7892478,NODE_61_length_1609_cov_93.253,-17,1609,1595,Reoviridae Rotavirus A segment 5,63.48733,NC_011500,false,A1,100.0,GTGTTGGGTGTGTTTGGGCTTTTTTTATGAAAAGTCTTGTGGAAGCCATGGCTACTTTCAAAGATGCTTGTTATTATTATAAAAGAATTAACAAATTGAATCATACAGTCTTGAAGTTAGGAGTTAATGATACATGGAGACCATCACCCCCGACCAAATATAAAGGATGGTGTCTGGACTGTTGCCAACACACTGACTTAACTTACTGTCGAGGTTGTACCATGTATCATGTATGTCAATGGTGTAGTCAATATGATAGGTGCTTTCTCGATAATCAACCGCATCTATTAAGGATGAGAACTTTCAAGAATGAAGTGACGAAAAATGATTTAATGAATTTAATTGACATGTACAATATATTATTTCCCATAAATCAAAAAATAGTAGATAAATTTATTAGTAATACAAGACAACATAAATGTAGAAATGAATGTATGACACAGTGGTATAATCACCTATTGATGCCAATAACATTACAATCTCTATCAATTGAATTAGATGGTGATGTTTATTATGTATTTGGATATTATGATAGTATGCATGACGTTAATCAAACTCCATTCTCATTTACAAATTTAATAGATATGTTTGATAAGTTGCTACTTGATAATGTAAATTTTAGTCGAATGTCATTCTTACCAGTAGCATTACAACAAGAGTATGCACTCAGATATTTTTCAAAATCAAGGTTTATTAGTGAGAAAAGGAAGTGTATTAGTGATTTACATTTTTCCAATAATGTAATAGAAAATTTACACAATCCAAGTTTTAAAATACAAATTACACGTAATTGTAGTGAATTATCTTCTGATTGGAATGGAGCGTGTAAACTTGTTAAAGATATGAGTACTTATTTTAATGTGCTAAAAACATCACATATTGAATTTTATAGTATTTCAACCAGATGTAGAATGTTTACGCAGCATAAACTTAAAATAGCATCTAAATATATAAAACCAAATTATGTAACATCAAATCATAGAACATCAGCGACTGAGGTGCATAACTGTAAATGGTGCTCAATTAATAACGGTTATACTGTATGGAATGATTTTAGAATTAAGAAGATATATGATAACATTTTCAATTTTCTACGAGCTTTAGTCAAATCAAATTCTAATATTGGACATTGTTCGTCGCAGGAAAAGATATATGAACATATTAAAGATGTTCTGGATGTATGTGATGATGAAAAATGGAGAATGGCGGTAGCGGAAATATTTAAGTGTTTAGAACCAGTAGAACTTGATACTGTTAAATATGTTTTGTTTAATCATGAGGTAAATTGGGATGTTATTAATTTATTAGTTCAGAGTGTTGGTAAAGTACCACAGATACTGACTTTAAATGATATTGTCATAATCATGAAATCTATCATATATGAGTGGTTTGATATCAGATATATGAGGAATACACCAATGACTACATTTACAGTTGACAAATTAAGACAGTTATGTACAGGAGTGAAGACTGCTGATTATGATTCCGGCATATCTGACGTTGAATAATGAAATAGAGATCACATTTGCCACCATAAGACTCCCTGCACTAGAGTAGCGCCTAGGCAGCATAAAATGTGTGACCCAAACACACCCAACACACACCAAAC
SRR7892478,NODE_67_length_1539_cov_43.048,840,1539,2379,Reoviridae Rotavirus A segment 4,73.16589,NC_011510,true,,,GTGTTGGGTGTGTTTGGGTCACATCCTCAATAGCGTTCTCACAACTTACATTGTAGAATTAACTGTTCAATTCTATTCCTTATAATTGGATTATTTTGGTTAATAAAATTACGTAATACATTTGGATTTGATTTAATTAAATTTAACGCTTCAGTTCGGGTAATTCCATAATTATCATTTAAATTTTTTAATGTTTTAAAATCGATTATTGCTGATATGACTGGGGAATTCGTTACAAGTTCAGCAAATTTATTTACGTCAAATGGCACTTCATTAAGTGTATCGATTTTATATGCAAAGAATTTTCCTTCAGTATTAATTTCCATTACTTCATCATCTTTTAGTATTCGATACGATCGTTTTGGAATAAATTTCTCAGATGCCTCTGTGACTATGTCAGGTAAAGTATTTTTCCCAATTTGAGTAGACATATCTATCTTCGTTTTTAATACTGCTGCTGAAATATCATCAAAACTCATTCCTTCAGTTTGAGTGATCATTTCTCTTAATCTAAGGTTTTTACTGATCGCAGATGTTTGTGTTGAAATATCATTTACTGAATTAGTCACATTTGATACATCATTTGAAACATTAGTCCAATTTGAAAATGCGGATATATTCGATCTAACAGAAACGCTTCTTGATGCTGATGATGCTGCGTCTGACAATGAATTAGTCATTTCTGAAACTGATGTAGCTAACTTTGATTTTCTAAATTTTTTCATTACGCTAGTCGCCATTGATTTGGTTAGATCAATTGTGCTTTTAATCCCTGAAAACATAGAAAACATGTCTAAAGGTAATAACGCTAAATCAATTAATTGTGACATAACTATTTCTTGTGATAATGAATTGAATTCCTCTCGTAAATCAGTTAGTTGACGTTCTAAATCTTGTCTTACTGTTACTGAATTCATAATTGGAGTCTGATAATCATCATTGGTTGGAACTAAAGAAATAAGCGAAAACCTTCCTGATATTTCGTAATATTCATTTCCATTATTAGGATTAGCAGCTGGTAATCCATACAAATTTACCGTACGTGTTCTCAATATTGAAAAAGATGGTTCATCTACTGTCAAACTAAATCTAAACCGTAATGAATTTAATGATACGAAATCTGTGAATTGCGTGGATAATGTAACACCAGCAAAATGCAACGAAACGGCACCTCCATTCATAACTGGCCATGCACCCACAGGTATACTAAAATCGTAACTTCCACCTGTACATTTCACTGAGTTTAAATTAGCTGCTAATGATCTAACATACACCATATTTCGAAATGCTTTTGAATCGTCCCAATAATCTACATATACATAGGAATTTTCTTTAATAACTTCATATCTTGAAATACTAAAATCAGTGGGCAAAGATCCTCCGTTGTAACTAAAATTATTTACTCCATTTACTGAACAGGTAGTATGTGCAGTTACTTGTTCACCATCACGTAGATAATTATATTGATAGTTTGCCGCTTTATATGATATTTCGGACCATTTATAACCTAATCCCCCTAATTTAATAATACTAACACCA
SRR7892478,NODE_79_length_1365_cov_61.571,11,1365,1376,Reoviridae Rotavirus A segment 6,78.3033,NC_011509,true,I1,100.0,GGTGTGTTGGGTGTGTTTGGGTCACATCCTCTCACTACATCATTCATACAGTTACTCTACGTAGCGAACATGAAGTCATGTCCTTACTTATAGAGTCTGAATGACTTGACATAGCTACATGCTAACTAAGATTGGATACCAGATGGTTAGTCTGGTCCTCACTTAATCAACATGCTTCTGATAGAGGCTACTGTAAAGACACGTTGCAAGTTATCTTCCCTGGATGGTGAATAGTTAGTAATCAGCTCAGTCCAATTCATGCCTGGTGGGAATACTGGTCCAACTGGTATAGCATACTCTTGACGTACCGCGGTAACATTCGCCAATAAAGTTTCATTTGCATCCGCAAGCACTGATTCACAAACTGCAGATTCAATACGTAACGTAAGTCCAACTGTTGCATGATGTTGAAAGGGTTGTGCTTGCGGAAATAATGCATTTACGGCTGGTGTCATGTTTGGTGGACGCATTAATTGAAATGATAAACGAATTGTGTCAAAATTTCTTGCGATAATAGTGCCAAATCTAGCTTGATATGTATTAATAATTTGTCCATTCAGTAAAAATTCTACCTCTACATTATTTGGTCTTAGGATAATTGGATTAAAGAACCATGTAGTTGCGCCATCTGCTGAATTAATAACTCTTGGAAAACTAAATCTTTCTGCATCAGGTAACAAAGTTATAGTAGCTGTAGTTAGCGCACGCCTTAGCTGGACAATATGTTCAAACTGCTGAATATTTGCTGGAGCGTTTAAGGCACACGAGTAGTCAAATCCAGCCACTTGAATTTCTGATCCAGCATTAAGCCACATGGTTCCCATTAAATTGTCATGCATTGGTTGAGATCTATTTAAAGTAAATGACGCTGAGTATGGAAATATATTAGGTTTATGAAAAACAAATCCGGTGCGTTGTCTTCTATTTTGTAAATTCCAATTTTCTATATATTCTGATGAATTATTAAAGTTTATTCTTTTAAATTTAATACCGGCTAGCTTCCTCAATGCCTCAGATTGTGGAGCTACTCCATTTCTTTGAGACTCTCTTGCCATTTCATCCATACATACATTGTCAATAAAATCAATAAAATACTCAATCGTAGTTCTTGCAGTCTCAACATAATTAGCATCAAGATTTAAAAGTGTAGTACCTAGTAGACCAAAGTCAAATGTCCAATTTCTAATAGGTAAATTGCCAATTCCTCCAGTTTGAAAGTCATTTCCATTCATGGTTACTATCATTTGATTAAATTGCTGAATGAGATCACTAACATTAGAATATAATGTACCTTCAACAATTTTATCCCTAGCATCTTTGAGAGTTTTTGACAATGAATACAGAACCTCCAAACACACCCAACAC
SRR7892478,NODE_93_length_1245_cov_37.978,300,1245,1545,Reoviridae Rotavirus A segment 3,76.5889,NC_011508,true,M1,100.0,TAGGTTCGTCTTTAAAGGTGTTATTCATACGAACAGTAATAAGTGATTGTTTTTGTTTATTAATTAAATTAATAACATCTTGTCTTGAATTAAAATCGTTAGATAAAGCATATAATGCCACTATATAATCAGTAGGTGATACTTTCAATTTAAAAGAAGGTTGTATAAACACATTCTCTGTGATTATATTATTTATAAAAGCATAAAATACACCCTTTGGTATAAATCTTTTAATAGTAATAATATCCCATACATCTAAGATTGCATAAAATTCTGATCTAACTTCAGTAGTTGGATGATGAAGTAATTTTGCTGTGATTGGCAATTCTAGATCCATAGCTGTTAATTTAACACAACATACTTTGGCTTTTCCTGTTGCTAGATATTTATATGCAATATTTAGATTGTTGACAGTTTGCTGTTCCACTACTTTTCTCCACTCTTTCCAATCCATATTTCCCTTATCAGTTCGTATATCAATATATAGAACCGAATTATCTTTAAGTTTATTGACGTCCTTATCAAAAAATAATTCCTTATGATGTATCGTAGAATATGGAGTGTCTAATGGATCCCATGTTTCAAATGTAAAATCAGAATACTGTTTAATATCATAAATCCAATAAGATGGAGCTGAACCGAGCATGTATATTATTGGTTTCGAATGGTACAAATTATAGTAGTAATAGATGGTAGTAACTACATTTAACATATTTTTATATTGTCCAATGTCAAATTGTGACACTCTTTTACCCAGCCATTTCTCTTGCTTTAATTTAATAGTATGTTTTACGATGTATGCACCGTTTGAAAATTGCTTAATGGTTGGGAAATTTAAGAATGTGAACATGGATTCATTTCTTGGTCCAACATTTATCACTTTTTTATACATGTTTACAATAGATGGAAATAATTTATCTCTAAACACCCGATTTGACAATCTAGCAATTGGAAGAGATGTAGTCATTCTCTCTTTAATCTTTCTTAACAGAAAATTTTGAAAATCTAGTTCATTGGAATATATATATTCAATTATTATATCGTCATCTGTAGCTGCATTTTGACATAAAAATGAAAAATTATAGTGACCACGTGTATTTTTTCCATTATATCCTACATATGTTAATTTCCATCCAGGTAGTAGATATTCAGTTATGTCGGTTTTAGTTATCCAATGTTGATCTGTTCTTATCTCATTGTTAGTATAATATGAATAATCATGTAAATAAATTATGTTATTTTCAT
SRR7892478,NODE_97_length_1193_cov_31.234,1415,1193,2608,Reoviridae Rotavirus A segment 3,78.26087,NC_011508,true,M1,100.0,GTGTTGGGTGTGTTTGGGTCACATCATGACTAGTGTGTTAAGTTTTTAGCTCACTCAGACATATCAAATACGGTCTCCCCTTTAATCTTTCTTAAGTAAATTGAATTGATCTTGAGTTTTGTGCTTTCTATTCTAACTGTTTGTTTACTACTAAAACTCAGTGTAATATGTGGAATAAACATTCGTGATTGTCCAAACGTGATGTGGTTTCTGTAAAACATATTATATAATTTAAAATACGTTGATAACACGCCGCTGGCATTTGCTACATATGTATTATCAGATAGCATATAAGTGTAACTAGTACTAATTTCCGTCTTAAATAGTTCTGTCTTCATTTTCTTTAATACTGTAACTACATCATGTATCATATTATCAGATATAAATAGTACTCCTAAAGTCAAATGCGGAACTTTAACATCATATTCATAAGGTATACTGTTAAATTTAATTCCTATAAAGTAATTAGGATCATCAGCGTAAGTTATACTATATACTTTGTTTATATACTCTTCAATTTCGTTAGCGTATCTCAATACCGTTAAGTCATCTTGCAATATAGCAAATTCTTTAGCTGACCGGCATGCGTATATCAATTCTATTGGTGCATGTTCATAATATCTTCCACCTTCCACAGCGGCTTTTCCAATTGAGTGTAGATAAATCCATCTTTTAAGATCAAATGCATAATTATACCTGTAGTAAATCAATGCATTATAAACATGTCCTGAAACTGAATTTTCTACATTAGTACCTATTAAGTTGAAATTATTATTTGAAAGATCTCTAAAAATATACCCTGAATATGATGTCGCAGACTCTGAAAATCTAATTTGATGTGATCTCCTAGAAATACCCATGTGATTTGCATACTGATCTAGTTTATCATATTTGTCAGTTCCATTTATTATAAATAAATGATTATTACCAGTAGGTTTAGAAGATAGAGATATCGATAATCCAAACATACCTAAACAACCATCATATGATGTAATTATCGAATCTTTAAGTTCGAAATCTGTTGGCAGAAACGTCCAATCATAAATATTTTTAAAATTTACTTTAGGTTCGTCTTTAAAGGTGTTATTCATACGAACAGTAATAAGTGATTGTTTTTGTTTATTAATTAAATTAATAACATCTTGTCTTGAATTAAAATCGTTAGATAAAGCATATAATGCCACTATATGATC
SRR7892478,NODE_109_length_1077_cov_32.12,-27,1077,1050,Reoviridae Rotavirus A segment 7,75.25987,NC_011501,true,T1,100.0,GGGTGTGTTTGGCAGTGGTAGCTTTTAACTATTGTGCTCATAGAGGGTCATGTGTAGATGGTTAATATTTTTAATTATGTGACTACTCACATGCATATTCATAATTGCACTGCTTCAACAGTCCTTTTAACATTAAAAATGTTCTGTCATAATCTTGAATTAAATTTCTAGTTAAAGATTCAATATCGTCTATAGCATTAATGGGATTAATTAAATCAATTGAATTTAACTGCTGTTCAATATCATTCTTTACATCATCTGGTAGCTCCATAGACCTTAGATACCACTCAACTGATGACACTAATGAACTAAATTTGCCTTGCAAATCAGCTTCCAACTTATTACAATATTGTTGAAGATCTGCTATTTGATTTTGCTGTTGTGAGATGACATTTTGAAGAGAGTACATATTTTCATTTACTTTCTTTGCCTTTTGTACCCAAGTATTGTATTTCTCAGTAACTCTTAGTTTTAGTGACTCAAATCTTTTTTCTAACTGATCATAACGAGATTTCCAATCAATAGTATCAATTTCCATTTTTTCATCAACATATGAATCATCAACTTCAACTTCTCCACGTTCTATTTTATCCTTCATAAGTCTAGTGCATTTAATTATTGACGATGATTTTCCTGGTATTCTCTTTACACTAAAACAGGCATTAAGTACTCTCATCTTTTGGTCAATTCCTTTAGAAGATAATGTCATTCTCAGTTTATTTACATCTTCATCTAATTTAGCAACCGTTTTAGAATCAGTCATCCAATTTCTATTTCTAATAGCTGAACCAAATTTCCCATTTAATGCCTGATCAATAGTTATAGCTTTACCTAAAAGATTGTTTTTTACACCAGAGTCATCCATCACATAATCGAATTTACTTTTAACTCTGGTAAATATTTCATTGTAATCATATTGAATACTCATTAATTCTAATGTTGAAGTAGCAGCAATAACTGCAGCTTCGAAAGAAGTGTTAATGATAGAGCTTACCATCTGCTGAGTAGACTCCATCTTGAGCAGCAACCACTGAAAAGCATTAAAAGCCAAACACACCCAACACACCACCCAAACAC
SRR7892478,NODE_114_length_1041_cov_10.65,30,1041,1071,Reoviridae Rotavirus A segment 8,80.87379,NC_011502,true,N1,100.0,GGGTGTGTTTGGGTCACATAAGCGCTTTCTATTCTTGCTTCGTCATCATCATTCTTGAATCGAAAGCGAATTAAATTCCAACATGTGAGACTTCATCCATTTTTCTATCAGTTGACAATCCTCTGAACGGATTTTTCTCTTGTTTCATCTTTTGAAAGAGTAGTTTCTTACATGCATCAATTGTATTACCTTGTTTCATTGAAGATGTAAATGCATACCAATTTTGCCAAATAATCCTTTGGTCTAGCAAATTGAAATCAGTAATATTACCACTCTTAGCATTGTTTTTATATGTAGCAAATACTCTATCTGCATGGTTAGCAACTGATGAATATTTAACAACTCTATAGTGACCTTTACCATGTGTTATTACGGCAAATCTGTTATACTGCCATCTTAATTCAGCAACAAGTTCTTTAACACATACATCTGAAATTGGTTTATCTTCATTCAGTGTAATTTTATATTCAATGAAATTCTGATCCAAAATAGGCATTAGTTTATGATCTAAATACGTCAATTTCCACATAGTAAAAGCTACATTCTGAAATACTATTTCTCCTCCTTCGGCAGTAGCAGTAGTTTCAATTTCTTTTGACTGACCAATAGCTATCAACACAGATTTTAAGAGTAGTTCTTTTGAATGGAAAAGTACATCTTGATGATTCTCTTTTCTTAACACCAGATTTTCCAAATGTCTAACGGAAACTACTCTTGAAAGAACATTTGCAACTTCAGATTGTGTGACTTTAATCGAATTAAGTGCTTCACAAATTAAGATAGCCACCTTATTAAACATAATTGTCTCGTAATTCATTCCTCTCGAATTATCACTAGTATTATAACGTTTTCTAAATTGTGGTGGTGGCGCAATCCCATAAACAATAGAATTGTAAAATTTATCTTGATCTTTTTTATCTACTTTTGCTGTCAACATACATTTTATTGCTAAATTATTAAAAGGAATGAACTTATAGCTATCGTTCTCCAAATGAGGATAACAAAAGCAAGCTAGCTCAGCCATGGCTACACCGCAAGGCT
SRR7892478,NODE_138_length_950_cov_22.855,8,950,961,Reoviridae Rotavirus A segment 4,68.07611,NC_011510,false,P[8],100.0,GTTTGGTTCGCTTGTTTATAAACAGCTTCTCACTAATTCATATTCAGTAGATTTATATGATGAAATAGAACAAATTGGATCAGAAAAAAATCAAAATGTAACTGTAAACCCAGGTCCATTTGCTCAAACAAGATATGCTCCAGTCAATTGGGGTCATGGAGAAATAAATGATTCAACCACAGTGGAACCAATTTTAGATGGTCCTTATCAACCTACTACATTTACACCACCTACTGATTATTGGATACTTATTAACTCAAATACAAATGGAGTAGTATACGAGAGTACAAATAATAGTGACTTTTGGACTGCAGTCATTGCTGTTGAACCACACGTCGACCCAGTAGATAGACAATATAATGTATTTGGTGAAAATAAACAATTTAATGTAAGAAATGATTCAGATAAATGGAAGTTTCTAGAAATGTTTAGAGGCAGTAGTCAAAGTGACTTTTATAATAGACGTACACTAACTTCTGATACTAAACTCGTAGGAATATTAAAATATGGTGGAAGAATATGGACATTTCATGGTGAAACACCGAGGGCTACTACCGATAGCTCAAACACTGCAAATTTGAACGATATATCAATTACAATTCATTCAGAATTTTATATTATTCCAAGGTCCAAAGAGTCTAAGTGTAATGAATATATTAATAACGGTCTACCACCAATTCAAAATACTAGAAATGTAGTACCATTATCATTATCATCTAGATCTATACAGTATACAAGAGCACAAGTTAATGAAGACATTACAATTTCAAAGACTTCATTATGGAAAGAGATGCAATATAACAGAGATATTATAATTAGGTTTAAATTTGGTAATAGTATTATTAAATTAGGGGGATTAGGTTATAAATGGTCCGAAATATCATATAAAGCGGCAAACTATCAATATAATTATCTACGTGATGGTGAACAAGTAACTGCACATACTACCT
SRR7892478,NODE_175_length_779_cov_11.136,-26,779,754,Reoviridae Rotavirus A segment 10,82.13802,NC_011504,false,E1,100.0,GTTTGGGTGGTGTGTTGGGTGTGTTTGGCTTTTAAAAGTTCTGTTCCGAGAAAGCGCGTGCGGAAAGATGGATAAGCTTGCCGACCTCAACTACACATTGAGTGTAATCACTTTAATGAATGACACATTACATTCTATAATTCAGGACCCTGGAATGGCGTATTTTCCATATATTGCATCTGTTCTAACAGTTTTGTTCACATTACATAAAGCTTCAGTTCCAACAATGAAAATAGCATTAAAAACGTCAAAATGTTCATATAAAGTGATCAAGTATTGTATAGTCACAATTATTAATACTCTTTTAAAATTGGCAGGATATAAAGAACAAGTTACCACTAAAGATGAAATTGAGCAACAGATGGATAGAATTGTAAAAGAGATGAGACGTCAGCTGGAGATGATTGATAAATTAACCACTCGTGAAATTGAACAAGTTGAATTGCTTAAACGTATACATGACAATTTAATAACTAGACCAGTTGACATTGTAGATATGACGAAGGAACTTAATCAGAAGAATATAAAAACGCTAGAAGAATGGGAGAACGGAAAAAATCCATATGAACCGATAGAAGTGACTGCATCTATGTGAGAGGTTGAGTTGCCGTCGTCTGTCTTCGGAAGCGGCGGAACTCTTTACCGCAAGCCCCATTGGACCTGATGATTGACTGAGAAGCCACAGTCAATCATATCGCGTGTGGCTCAGCCTTAATCCCGTTTAACCAATCCAGCGAATGTTGGACGTTAATGGAAGGAATGGTTAAACGGGACAGACC
SRR7892478,NODE_240_length_653_cov_154.55,388,653,1041,Reoviridae Rotavirus A segment 9,76.38889,NC_011503,true,G1,100.0,CTAAGGTATATCTATACTCTATAATAAAAAGCTGCAGAATTTAATGATCTTGACCTTTTGGACATTACCTGTACAATCTGGTTAATATAATCTACTATAGTATAAAATACTTGCCACCATTTTTTCCAATTCACTCTCATCATTCTCTCAGTTTGTGGATTAGTCGTTGGATCTGCTGTTATGTCTAACACATTAGAGCCACCAACTTGTATTACAGCTACATTCTCTCTTGGACCTAACTTCTTACAATTTCGAATAGTACATGTCGTAGTTGTCAAATTTATTTTATGATTTATCCCATCAACGACATCCACTATAGCTAGTTTCTCATTTTCAGCAACCATTTCAAACGAGTCCACATTTGTTGTTTGACAACCTATTCCTAACGTTTGTGTATTCAGTGGACACACTTTCACAGTACATGATGATCCCATTGATATCCACTTATTTGATTCTCCCGATTGTTGATAATAGTATAATGTTATATCCATTGGATTACATAACCACTCATTCAATATTAAATCAGCTAACTCTGACATATCTAATTCAAGATCTTGATCATATTTCATTAATACTAAGTTATAATCACAATATAATTGTGGATCAACAGAAAAATCAACAATACTTGAATACTCTTTAAAATAGACATCACC
SRR7892478,NODE_301_length_582_cov_5.2703,98,582,683,Reoviridae Rotavirus A segment 11,88.987564,NC_011505,false,H1,99.0,GTTTGGTCTTTCTGGAAAATCTATTGGTAGGAGTGAACAGTACATTTCACCGGATGCAGAAGCATTCAATAAGTACATGTTGTCGAAGTCTCCAGAGGATATTGGACCATCTGATTCTGCTTCAAACGATCCACTCACCAGCTTTTCGATTAGATCGAATGCAGTTAAGACAAATGCAGACGCTGGCGTGTCTATGGATTCATCGACACAATCACGACCTTCAAGCGACGTTGGATGCGATCAATTGGATTTCTCCTTGACCAAAGGTATTAATGTTAGTGCTAATCTTGATTCATGTATATCAATTTCAACTAATCATAAGAAGGAGAAATCCAAGAAAGATAAAAGTAGGAAACACTACCCGAGAATTGAAGCAGATTCTGATTCTGAAGATTATGTTTTGGATGATTCAGATAGTGATGACGGTAAATGTAAGAATTGTAAATATAAGAAAAAGTATTTCGCACTAAGAATGAGGATGAAGCGAGTCGCAATGCAATTGATCGAGGATTTGTAATGTTAACCTGAGAGCACACTAGGGAGCTCCCCACTCCCGTTTTGTGACCCAAACACACCCAACAC
