Sample_name,Query_name,start,length,end,blast_concluded-name,blast_absolute-similarity,blast_refseq,blast_reverse-complement,type,type_support,VP1_type,VP1_type_support,VP1_subgenogroup,VP1_subgenogroup_support,nucleotides
SRR7892471,NODE_2_length_4128_cov_18.6623,3338,4128,7469,Hepatitis A virus,96.71533,AB279734,true,,,,,,,TTTTTTTTTACTGATAATAGAAATAAACAAACCTCAGAAATTTTAAGAAAATTTGTTTAAACAAATCATGAAAGGTCACAAACAAAGCACTGATCATAAAACCTCATTCTCCACCAATCATATGATTTAAGTCTATATTCTATCATTTCTTTCTCCAAACAGGACTGAACAAAATAATAAAATTTCTGATAAAACTCAAAACCATGCATAAAAGCAAACCACTGAGCATTTTCCAAATTTTGTTCAAACTCGGCATTACTTCTCTGCCAAGCTACTAAAGACCAAATTGTTTTCTCTGAAATGGCCGGTCTAATTCTGTCCTCCACTAAATTAAAAGACCTCTTAAGAAAAGTCAATTCTGAAACTGGTTTCAACTGTGGCACAGTCTTGTCAGCAGAAGTAGCTGTCATTCCCAGCTGTTTAAATTCATGCACAATTTTCTGCCCAATTTGATCAAGATTGTCAATCTGAATATCTCTGGAAAAAACCACCAAAACATCATCTCCATAACACAAAATCCTCACAGCTTGACTGAAAAACACAGGAGACTTCCTAAAAATCTTGGAAAAAACATAATATAAATTGATGTTGTTTATAATTGAATTAAGCAAAGCTGTACAAGGAGACCCTGATGGCATTGATCCATACACATGATAACAACAATTGTACAATAAATGTTTTGAATAAATAATTGTATTAATGAGAGCAGTTCCAAAATGAGATGGTGTTCCTGAAATCTCTGACATAATTCTACCTGCCTCTCTAATCATAAATGGACTAAGACTGGCATCAAAAGCAGAAAAATCCAAATCAAGACCAACATCTCCAAATCTAATCATTGTTTTAAATAATTCATCCCATTGTCTATCAGGATCAATTCCAATGGCCACACCAGTATGAAATCCAGGATTCAAATGAAAATAACTTATAGCTGGACCCCAATACATCCGACATAAAATTGTATAATCTAAAGGACAAGCATCAATGGCTCTTGTTTTAGACTCTAACACTTTGTCCAATGGCCTTAACTCATCTTTTGGACAAGTTGTGAAAACCACATCCAGATCTGAACAGTTCTCCATCATAACTGTATTAAATAGAATTCTCTGGGCTAATCTTGGATGTATGCCTAATAGCAATCCATTTTCATCAAGCCAAATCAAATCTCTTTTAGTTAACTTTTCCTGAACATAAGGAAAACCAGGAGAAGAATCCATATTGATTGCATCTATTCCAGGAGCCCCAGTAATAGCCATGTCAAGATCCAAAAAATCATCAACCAAAATGCTCTTCCCCATTACTTTATTCTGAAAGAAAATTGAAACATCTTTATAGCCCTCTGGTTCCTCCACCATAGGCAAGGAATACTTTGAAAGCATCACAGCCATCGGGTCAATCTCTGCTCTTGAAAAAGGCATCGCTGCAGGAAAATTAATCATGTCTTTATCAATGTGATGATGAATGGGACTCTTTTTAAAAAGCGTTTTGGAGACTACATTCATTGAACACTGAGTAAATTCCACTTTCATTATTCTCTGACTTTCAATCTTTTTATCTATATTTTGAAACATTTCTTGGGTTACCAGTTTAGCAACAAGAATTGAATTACCTCCAGCCACATGTATGCCCAAGATTGCATTTTGTATGGACTGATTTGATGAAATCAAGGCGCCACCACACATTCCTGGCAAACCCTCACCTTTTCCTCTCCAGGCTTGATCCACTGTTAAGTCTACGGTGGTACCATCATTCTTTTTGTGCACATAGGTGGCCTTTTCTTCCATCTTTAGAGGACCCTCAGAAATTAACATTGGTGTTCCATTTACTGTTGTCACCAAAGTCGCTAGACGATTCAATGCACGAGGCACGTCACCTTTCTTGATAAAATGCTCCGTAATGTCTCTGAATTTAGGAATTGTTGGAACTTTCATCAAAACCACATCCTGAAACCCTACATCTAAAGATTGTATTACAACATTGCCAGCAGATATGGAATAGTAAGTACCACCTCTATTAAAATAGAATTCCATCATTTCATAATCTTTTTCAAATTTGTAAGCATGAGAAGGCACAAGTAGCCAGTCATCCTTCACTCCTAAAGCATTCATAACCCATCTCACACATCCATTCTTCTCCCCAACACCAAATTGAACAAGATTCTTTCTAACCAAGCCAGCTATCTCCAGTGTTGATTGAGATTCAACTGGATCAGCATCCAGCTTAATTACCTGTTTGGGCTTTGTCACACCATGGTATACTCCTTCAGTAGGAATTGGTTCCTCCTCTTTTCGAGAAAAATGTTTGTAGACAAACCAGCCTCCCACAAGCACACCAAGAATGCCTACAGCAGCCCCCACAGCAACCCATTTGTGATTAGTAACTGACTGGAAAAAACTTGACAATTTAGAACTTGATGGTTCACCTGATGGAAAGGACTGGAAAAATTCTGCTACTGCACTATCATTGTCATCATCTGAGATACCTTGAGACCACAACTCCATGAATTCAGTCATATTCTGTTTTCTAATTTCAACAGTCATCACCAAAGAACTAAGCAAATCCATCAGTGAAATATTATGGCCATCCATGATTAAATCAACACATGACATGTCCTTAATTGCATCATTTGTTTTGGCTAAATTAACATTCAACATATCATTATGAGGATTTTTGAAAAAAGAAGCAGGCTTCACCTCAATTTTGAAATGGAGTCTACGATCAATAGCCTCCTTAACATAAACTGTTTTGGGACTAGGATTCGACCAATTTGAAGTTGCAATTATAAATGGAGAAGAAAAATGTCTACCCTTCTCCTCAAGAGATGCCATGTTCAACCTCATTGGACACCCTGAAACTAATTGACAAAAATCAGACCAATCTTCATCTGTTGTATTTTGACCAATGTCATCTATAATGCACACCAATTGCCCACTGTATCCATCCCAATAATCTGAGGCAACAGGCTTGGTGTAAATATTCTTCTCTGGCTCAACACCATAATGTTTACAGATTTTTGTTGCTAATGCTATTGATGTCAAGCTTTTCCCCCCACCTCTCTTACCATATAGATAACAGACCACTGGTTCACATCTTGTCACCATGGCCTGATTAATGGAGCCAAGATTTTTAAGTTTTTGGTGCACCCTAGCAATGCAGTCTCTCAGAGGTGATAAATGAACCATCAAGCTAGAATCAACTTGAGCCATAGAATGAACAGTTCTCAATTTCTGTATCAAATCAACTCCTCTCTGATATTGTTCAAATTTTTCCACATCCTGAATCTGTAGTATGCAGAAATTATCTGCTTCTTCAATAGCCTTCTCAATTCTTTGCTGATTATCCTTGAGAACATTAAGAACATCTTTCTTTTTACCATAATTCATGTCATAAAAATCCTTCAACTTTGTGTAAAGCCAATAGATTGCATCCTTAAAACTTTTAAAAATTGTAATTCCTGAACAAATGTCCCTAAGCCAATTGGAGAAACTCTGTGTCCTCAACTCCATCATTCTGGAATCCATTTGCCAATTAAAAACTGTCTCCAACATCTTTGAAAACACTTTGCCACAAGAAATAACTGAACATCCAATATCAGCATAATTCATCACTCTCAAAAGACCAATTATGTGGGAATGCTCATCCTGATTCAATTGCTGTATAACATATAGCAAAATTCCACTTTTAACAAAGCAAAGGACAGTATTTACAATTTCAACAGTGACAGAATGATGAAATCCAAACATCATAGACTTCAGAGTACCTGTTATTGAATCCAAGAAAGTCCTGCACTCTGCTATCAATCCAATGCCTTGTTCTTTTATTTCTTGGACACCTGACAAACCAAGCATCCTATCAGCCAGGTTAATTTTCTTGGGATTAAGCCAGTGCAACAAGAAACACAAATCAGTTTCAGACATATTTGGAAAATCCTTTGAATTAGCAGCAATCTCCTCAAGATCTAACATTCCATGCGGAAAATTTACTTTGGACCAATGTTTGTTACTTGTGAATTTTTCAACTAATGAGACAATTTTATCATCTTTCATTTCTGTCCATTTCTCATCATTCAACCTAACCAATCTACCAGTAAGCACCCCAGCATCCATTTCAAGAGTCCACACACTCCTA
SRR7892471,NODE_6_length_3315_cov_18.6417,147,3315,3461,Hepatitis A virus,96.40375,AB279734,true,,,,,,,GTGAATTTTTCAACTAATGAGACAATTTTATCATCTTTCATTTCTGTCCATTTCTCATCATTCAACCTAACCAATCTACCAGTAAGCACCCCAGCATCCATTTCAAGAGTCCACACACTCCTACCAGCTGCCAAAGAAAAGCCAAACCTCCTCAAAGCTCTAGTATCAGCTGTTACTCCTCTCCAGGAAAACTTCATTATTTCATGATCCTCAGTGTAAAACAAAGAAATTTTTGCTTGAGAAAACAATCCTTTCATTTTCCTAGGAGGTGGAAGCACTTCATTTGATAATTCTTCCTGGGCATATTTTAATCTCTGCTTCCCAACTTCAAGCCTCAATTCCTTGTATGGCTTTCTACTCTCAATATGGCTTTCAAATCTCCTGTCTTCTTCTGATCTAGGATCATCCACTGACGATTCCAGGTCTCCAGCTGCAATTCTGCTCATCATAGTTTCAGTGGACAACATGGCATTTGAGTTCAAAGGGGCCCTTGGAAAATAAAACTCTGACTGCTCAGTAACAGATAAATAACAACTGAATGATAAATATTCATCAGAGTGGTTGTAATTAGCAATCTGAATGGAAACCAATCCAAATGTTGAGTCAGTCTTATCTCCTAAGCCATCCAATGCTCCTGAAACAGCATACAGGTAGGAGTACCAAGGCAACCTAATCTGAATATTTCCTGTTCTTCTTGTATTGAACCTAACAGCTCCCAAGGCAGTTTTATAATCTATTGATAATGCTGATTCCTTCTCCACCCAAGGTGTATCTACAGCAAGACCCACAGGTGTGAACCATGCCATCCCATCCACATCTGTGGCTCCAGTAATTATAATTGTCAAATCTAATGGACCTCTATATAGCTGGAACAAATTGAAAAACCACCTCAATGTTGATGGTAATCCATGTGGAGGGTTAGAAGTTGAAGACAGAGTAATTGGAAATGTATACTCCTTATTGTTTGAGTTAAAGGTAAAAGTACACAAAAAATGAGACCTCCCCATGAACTTATAAATAGACATGTGATCTGAAGTATGTCTAGACTCTCCAGGTTTCAGTTCTGGGAAAGTCTCAGGCACTTTCTTTGCTAAAACAGGATCCTCAATTGTTGTAATTGCACCCACAGGCGCCTGCACTCCTGAAACATCCATCTTTCCTCTGTTAGCTTTCCCCTTCAGATCTCTCATAGTTGTTATGCCAACCTGTGGATCAGGAACATTCTGTTCTGTTGAAACTGTAGTAGAAAACCCCCCAGAATCATCTCCAACCTGAGTTGTGACATCCATAGCATGGTAAAGTGGTGCAAAGCATTCCAAATTAATTGCTGAGAGGTAAACATTGACTCTGACATGGGAAGCCACATTGGATGGAGAAGTTAATCTGTTATAACAATAAACAATTAATTTTCCAATTGCAGTGTACTCACCTTTTTGATGAGCAGACTTTGTATATCTGTTCACTCTATAAGGTGTGTCAGAAATCCAGGGAACTCGAAATCTCAAGGTAGACTGCACTCCTGTAATATCCATCACAGCACATGGAGCAGTAGTAGCTTGTTTTAAAGTAATTCCAGAAACATCAATTAATTCATTACCAGGCACAAAACAAAACAACAACCTACCAGAATGATACTTTGTAGGAAAGACTTGAAAATCAAAAACAAGGTCTCCTCTCCAAAAACAAAACATTTGGCAGATAGAAGCCAAAGCAGTTATACATTTCTGATCGGGATTTGAATTTGTCATTTGGAAAAAGTATGGATCAACAGGAATGACTTTAATCTGTTGTCCAACAGAATCTGAAGCGTTAAATGGAAATTGTGCTGCTAAAGTTGGAATAGATGTCCAAGTTGTAAAATGAGTTATTTTAATTCCTCCACCCTGAGAGGGATCAGACTTCCAATCCTCTTGATCCAAAGCAAAAGACATTTTAGCTCTAGCATCTTCATAATTGGACAGATTCACCACATTCTCTGTGGTACTAACTCTAAACTCATTTCTCATCATCTGTGTAGACAAAGGAGTTAATCCATGCAATTCCAAGTCAGTAAATCTTGCCAAAACATTGAGAGATGTGTAAGCTGAAGTTCCTGTTCCAATATTCAATTCAGACCAAACTCTAATTGTCAACTCCCACACAGGATACTGTGGATCTTTGAAATGATATGCACCCCTGGTGTAAATAAATGGCACCTTTATCCTCACCACATTATTGATGTTACAATTCAACAAACCATGAGGATAAACAGTTAAAGAAGCGATAGAGCCATAACTCTGATCACCAGGAACCATAGCACAAATCAGTCCTCCCTGCTGGAAAGGAGTGGGATTTATTTGAACTTGAATCTCAATACCAAATCTTGCATATGTATGATATCTCAATAGACCCTGAACAGCAAACTGCTCATTATACAGCAACTTTACAACATCCAGTTTTGCCACCTCATGAAACAAGGCATGTGTCGTTAACCAATCAGCTGAATGGATTAGGAAAAATTTTTCTCCCTGTGTTTTCTTTGAACCAGGTTTATCTACTGAAGTTTTGAGGGGCTCAATTTGATGTGAACCAACCTCTGCAGTATGGACTGAAGACTGATCAACAGATGTAAAATAAGAAGCACCAGTCACAGCAGTTCTATCAACTGATTGAATCATTTGCTCCTCCTCAATGTCTGCCAAAGACAGGATGTGGTCAAGACCACTCCCAACAGTCTGGAAAATACCCTGTCTAGACATATTCATAATTATTTGAGAGTGAGGAAAAACCTAAATGCCCCTGAGTACCTCAGAGGCAAACACTACCTAAGGCCCCAAAGAAAAGTCCAGCAGTCAATGGAGGGATCCCCTCTCACAGAATCCCATTTAAGGCCAAGTAATGTTTGCCCTAAGCGCAGAGAGGTCTGAGATTAAGCCTAGAGACAGCCCTGACAAACAATCCACTCAATGCATCCACTGGATGAGAGCCAGTCCTCCGGCGTTGAAAGGTTTTTGTCTTAACAACTCACCAATATCCGCCGCTGTTACCCTATCCAAAGCATCTCTTCATAGAAGTATTAGCTTAAGAGGTTTCACCCGTAGCCTACCTCTTGTGGAAGATCAAAGAGCTTCATGAGAGCCAAGTTAACACTGCAAGGTGACGTCCCAAACATCTGCGTCCCCAATTTAGACTCCTACAGCTCCATGCTAATCATGGAGTTGACCCCGCCGGGCGCAACGGCCAGAGCCTAGGGCAAGGGGAGAGCCCTGGAAGAAAGCAGACAGAAAGCGTGAAAATGAGTGTTCTTATAGAGAAACAGATTAAAGAACCAAACAC
SRR7892471,NODE_93_length_2178_cov_0.2998,205,2178,2386,Human cosavirus E,71.99257,NC_012798,false,,,,,,,TTTATGCTAACCAGTATTATGGCTCTATTGATGCATCTGCCCAAGGAGTTGGTACCGACACTACTCCTGAGAATGGTACTGTTTCTGGCTTTCTCGGACTTGCAGCTTCTGCTTTTAATGCAGCAGGATTTCTGGCAAAACCCAAGGTAGAAGATGGAATGAACATGGAAGACAGAATTTTGACAACCCGGCATGGTAATACGGCTATTAGTTCACAGGCTTCAGAAGGCATTTTACATGGGTACTCTTATGAAACTGACACAACAAGCCCAACTTCATGTGGCGATACTCCTTCTAGAGCCACTCCTGCCACAAGCAGGAGTTTTGTCATACCCCTTAAAGACTGGACCGCAACACAGGACTCTTACAGTGCTTTGGTATACAGAACTTCAAACTTGGCAAAAGAATCAATTGGAAACCTATATTCTAAAAACTTGAATTCCCATGCTTATACTAAAACAGGCTATGAAGCAACCCTGCAGATAAATACTTCAGCTTTCCACAGTGGTTTGATTGGTCTTTTCCTTGTCCCAGAGTTTGTGCGCAAAGTGCCTACAGATTTGGAATGGATTAATTTAGTTGCTGCAGGTTATAACAAAACACTTTTCTCAGACCCTGCTGTTTACTCACAGGATTCAGCTCTCTATGCAAAAATAAATGATAAGAACACCTTTGATTTAGCTTCTACAACCCCAGAGCAGTTCTTTCTCTATCCACACCAGTTGATCAATCCGAAGGAAACAAATATGGCGACAGTGCGCGTCCCATATGTTAATGTTGCACCTCAGAGTGATCCAAGTGTTCACAACATTTGGACAGTTTTGGTGATGGTTATATCTCCCTTACAGATTGGTCCCGGTGCTTCACCAAATGTACAGATGACTTTAACATTGACTCCGATTGGAACAGTATTTAATGGGCTGAGACACCCAAAACCCCAAGCCCAATCACCTTTTCCAACACGTCCTTTTCATCATTCTTTCCAGTTTAACACGACAGTTCCAGACATGACTGAACCATGCTATGGCATGACTGTTGTGCCCCCCAAAGAATTTATGCCAGAACCAATACCTGACCTTGTTTCTTTGGCTAAAGTTCCTTCATTCTGTACTGTTACAACTGACAAACCTTACTTTGTAGTAAACAACAACAAGACAGATCAAGCTCTTTTTCAGACAAATGTTGTTCTTTCAGACCCTCACTATGCTCACACTCTTGTATCAGGCTTAGGTAGGTACTTTGGAAATTACAGAGGTAGTTTGCAGTTTACTTTGATATCAGCAACTACTGCAATGACCAGGGGGAAACTTCTCTTGGCTTACACACCCCCTGGCGCTGACAAACCAACAACAGTTGAGCAGGCAATGCTTTCTACTTATGCAATTTGGGATCTTGGACTCCAATCCACTTTTGAATTTGTTGTTCCTTTCATTTCTACAGTAGACTTCAGAGTCAATGTGGTTTCTGTGTCCTCAGCGGTTAACGTTGATGGATGGTTCTCTATTTTCCAGATGAATGCTCTTACTTACCCTGCTGCCACACCTCCGAACCAACACATAATTGTCATGTTATCTGGTGGTTCTGACTTTTCCTATCGCCTCCCAATTGCTCCTCCTTTTAATTTGCACAACGGTGTGCCAGAGCCGCACGACAATGCAGAAAAAGGTGATACATCTGATCATGATGCTAGCTTAACCGGTGGCCATTCTGTTGGGCTGCCAACACCTCATTCTTCTGTTAGCTTTTTCTTTGATAGGTATAGGTATATAGGGACAGTAGAGAGTACAATAAATACACCCCCAGTTGTTGCTAATCTGATTGATGCAGGTAAAGTGAAGTCCCTCAATACTCTTACAAATGTGTCAAATAAGTACAAAACTTCAATTTTACTGGGCCCCAATCCCTCTTATTGCGGTGCTGCCTACACAGTCTTTCCCTTCTTCAATCAACAAAGAGAAACAGGTGCAGACATAAAATGCTTGGTAGGTCAAGGTGATTACCATCTTTATAGATCATGCCCCTTCACTTACTATACTGCTGATCTTGAAGTTACAGTTGTCCCAGACTCTACGGTTACAGGACCGTGGAGAGTAACTTGGTTTCCTGTCGGTGCCCCTATAGACGAGGTAGAGATGATAACCAGTGAAACTGCGCAAGCAACAGAACACCCAAACACAC
SRR7892471,NODE_596_length_1449_cov_0.394,837,1449,2289,Human cosavirus A,80.155365,FJ438903,false,,,,,,,GTGTTGGGTGTGTTTGGCATGATGGGTGCAAATAATAGTAAAGAATCTGTGTCCAGTAATGGCAACGAGGGAACTATTGTTAATAACTTTTATTCAAACCAGTATTATGCTTCTATTGATGCTTCTGCCCAAGGCGTTGGGACCTCTACTACTCCTGAAAACGGCAATGTATCTGGCTTTCTTGGACTTGCAGGCAGTGCTTTTAATGCTCTCTCTCTTCTCGCCTCACCACGAACGGAGACTGGAATGATGATGGAAGACCGTGTTTTGTCCCGTGTTTCCGGTAACACATCTGTAAACTCTCAAGCTGCTGAAGGGGTGTTACAGGCATACGGTACTGAATCCAACAGTGGTCCTCCAACCTCTTGTGGTGATGACCCCAGTAAAGGGACACACGCTACTGACAGGGCTTTTGTTATTCAGCTTCTTCCGTGGAAACAGGCAACAAACGCTTACTTTGCCCAATGGGTCAGATTAACCCAGAAGTTGTCCAACAATCGACATGGCAATGTAATGGCTAAAAATATAAAATCACATGCCTTCGCAAAAATGGGTTTTGAGGTAATGTTACAAGCCAACACATCTCCTTTCCATAATGGTATTTTAGGCTTGTTCTTGGTCCCAGAATTTGTCAGAAAGGGTGAAATTTCTGAAGATTGGATTGACTTGACTCCAAATTCTTCCCTCATTAAGAATGCAGAATTGTATAACACTCAAACATACCAGGAGTTCCCCTTTAATGAAAAACTCAGCTTTGACTACTCGGACATTACCCCAGAGCAATTCATGCTTTTCCCCCACCAACTTATTAATCCCAAGGATACAAATGTTGCAACTGTCAGAGTGCCCTACATTAATATTGCTCCCACTAATGACACAACAGTTCACACAGTGTGGACTGCTGTTGTCATGGTACTTGTACCACTCAACTTTTCTAATGGTGCATCCCCTACGGTCTCTTTAACCATGACCATTACACCCGTGAACTCGGTGTTTAATGGCTTGCACCATACAGCCCAGGGACCTATTCCAACCAGACCTTTTCACAATTTTCAACAATTCAGCACTACTGTCCCTCTCCGTGCTGAACCTTGTTATGGCATGACGGTCACTCCACCAGTTGACTACATGCCTCTCCCTATTACAGATTTGGTAGAACTAGCAAAAGTCCCTAGTTTTGTAACTGTGGCCAATTCAGATCAGGCAACAGTGCGCAGTTTCCCTTATTTTTCTGTGAGTAATACTGATCAGGGTAGAAAACTTTTCCTATCTTCTGTTGTTCTTAGTGATCTTCATTATCAGCACACTCTGGTGGCCAACTTGGCCCGCTATTTTTGTAATTATAGGGGAAGTCTTCAGTTTGATTTCATAGCTGCAACAACGGCTATGACGCGAGGAAAACTATTAATTAGTTATACACCACCAGGAGCCGCCAAACACACCCAACAC
SRR7892471,NODE_820_length_1332_cov_0.424,4415,1332,5753,Human cosavirus A,84.67863,FJ438903,false,,,,,,,AAACCCAGATGGTGAAGACTTCAGATGTTTTTGTCAAATGGTTTCATGTGCCCAGTACCGACCTGCCATGGCTGATCTGAAAGACAAGGGAATTCTTTTTACTTCCAGGCTGTTGATTGCTACTACTAACCTACCAGACTTTAATCCTGTCACTATCTCAGACCCTCGCGCCCTTGACAGGCGCATCACTTTTGACATTCATGTCACACCAGGTTCTGCTGCTACCAAAAATGGGAAACTTGATTTGGCCGCTGCTCTTAAACCAGATGGACCAGGTGAACATCCTTACACTTCTGACTGCCCCATCCTTCATACTACTGGACTTCTCTTGAGAAATCTTAGAAATAACCAGACTATGAATGTAAAGGACCTTGTTGAACTTATTGTAAAAAGAATAAAACACAAGAAAGAAGTGGGAAACATGCTTGACTCTCTAGTTGCCCAGGGACCCACAATGATTGTTGGTTACACTAAGGATGATGACGGCATTGCAATTGTGGACTGTCTTGAAGAATGGAACAAGATTAAAGATAAGAAAAAGAAACAGCTTGCTTTGGAAATGGTTGCTCAGGAACTCAAGGACAAACATGAAGAACATAAAGGAACAATCAAACTTTTGAAAATGTTTGTTACAGGTTTGGGTGTCGTCGCTGCCGTTGCAGGAGCGTACGCTACAATGAAATACTTCACCAAAGACAAACCAGAAGAAACCAAGGAACCGGAAGAAAAGAAAGAAGAAAAAGAAGACTCCAAGGAAGCTGCTGGTCCGTACAACGGGCCAACAAAGAAAGAAATTAAGACATTGAAGCTTAAGGCCCAGAGTCCACTTATGGACATGGAAAAGAAAATTTCTCAGAACGTCATGCCTTTCCAGATTTTCTACAATGGTAAGAAATACACCCAGTCTTGTTTGGCAATTGGCAAAAGAGTAATTCTTGTAAACAAACATGCTTTTGAATCAGTGGATAAAAAATTCATAGTGAATCAGAAAGAATACACATTGGATCAGGTTACAGCCATTTCCCTTGATTGTGGATCAGGTGTTACAGATGTGTGTGCTGTGTGTTTGCCCCCAGGCCCAGACTTCAAGTCAATAAGGAAACACTTTCTTCCTTTCAACACCACTATGTTTCCAGGCACCCGCCTAACTATCCTTTCAAATGACCACTACCCCATGTCCAGAGAAGGATCTTTTCTCCGCTTTGAGGATGAGGTTCCTACCAATATAGGTCAGATGCCCTTTGTAATGCTTTACAAATCAACCTCTTACTTTGGTATGTGTGGTTCAGTTGTGTGTAGTAGATTTGTTGATGGAGGAGGAATAATTGGAAT
SRR7892471,NODE_899_length_1303_cov_0.295,4666,1303,5969,Human cosavirus D,86.29716,NC_012802,false,,,,,,,GTTTGGAATTGGTTGATCTAATTGTAAAGAAAATCAAGAGTAAGAGAACCACCAGTGGAATGCTGGAAGGACTCGTCGTGCAGTCACCAAAAATTGTGGGCTACACAAAGGACGACGAGGGTGTCGTCATTGTTGATTGTCTCGAAGATTGGCACAGAATTAGAGACAAGAAGAGAAAACAGCAAGCTCTTGAAATGGTTGCAGAAGAAATGAAAATTCAGCATGAAAAACACACCAACACAATTTCCTTGATAAAACAATTTCTCTCAGGACTTGGCGTTGTGGCTGCTGTCGGAGCTGCATTCGCTGCAGGAAAGGCACTCAAAAACATGATGACCTCGGACCGTGCACCGGACGAACCCGACTCCAAATCAGAGGAAAACAAAGAAGAAAATAAAAATGCAGAAGGACCATATAATGGACCAACAAAGAAGGAACTGAAAACTCTAAAGCTCAAAGCCCAGGGCCCCTTGTTGGATCTTGAGAAAAAGGTCCTCGCCAACGTGCAGCCCTTCATCTTGCGCGTTGCAGGAAGAGACTATGTCCAATCTTGTCTCTTCATTGGAAAAAGGGTTTTCCTTGTGAACAAACATGCAATTGACTCAGTGGAACGGACTTTTCAGGTTGCTGGAAAGCACTACAGTCTTGATGATGTGGATGTTGTAATTTTGGACACTGAATATGGACTCACAGATGTTGTTGCTGTTAAACTCAACACAGGCCCAGAATGGAAAAACCTTTCAAAACTTTTTGTTTCACTGGACACGACTCTTCACCCGGGAACCAGGATTACGATTCTTTCTAATGACCAACTTAATATGGTTAGAGAAGGTAGTTTTCTCAGGAATGAGGATGACATCCCCACCAACATTGGACCCATCCCTTTTGTAATGCTTTATAAGGCTTCCTCCTATTTTGGAATGTGTGGTTCAGCTGTTTTGACTAGATTTGGTGATTGTCCAGGGATCCTCGGACTCCACTGTGCAGGCGGTGGAGGTGTGTGTGTTGCCTCCAGAGTGACAAAGAGAATGGTAGAAACTGTCCTAGATTACTTTTACCCACCCCAGGTTCAGGGACAAATTGTGAACACAGAACATGGACCCAGAGTGCATGTTCCTAGACAATCTAAGCTCAAAAGAACAAACGCTACTTATCCTGCTACTTCCAAGTATGGACCAGCTGTGCTTTCAAAGAATGACCCTAGGCTCAACCCAGATGTGGACTTTGACAAAGTGATCTTCTCAAAACACGTCGCAAACGTTGTTGTTGATGAGGACACCAGTTTCTGGAATGCTCTGAAAAT
SRR7892471,NODE_1917_length_1056_cov_0.61,3499,1056,4555,Human cosavirus A,89.00675,FJ438903,true,,,,,,,GTGTTTGGGGTTGGTAGTAGCAATCAACAGCCTGGAAGTAAAAAGAATTCCCTTGTCTTTCAGATCAGCCATGGCAGGTCGGTACTGGGCACATGAAACCATTTGACAAAAACATCTGAAGTCTTCACCATCTGGGTTTTGTCCAAGGTCATCCATCATGGTCACAAATTGTCCATGGTATCCATCCATGTGTTCTGTATCTGGAGAGAGCGTATATACTGATTGACTTCCTACCAATAATTTGGAAACTGCAGCAGCAATGACAGTAGCCGCAGCAGATTTGCCTGCGCCTGGTTTCCCGCGCAAGACAAGAACTACTGGTTCTGGTCTGCTGGTATCAGAATCAGCAGTTGTAAAATTTCTGAAATATGTTGCAATTTGAACTCTCCCAAGTTTAGTGGCACATTCCACAAGTCTGTCCATGAATTCAAAAGAGTGGGTCGGTCTCTGGAAGGAGTCTCCTCTGTTGTAATCATTTATTGCCTTGCAGTGTCTGGGGGATTCAATCAACATCTTTTCAAGTTGTACTGCTTCATTTTCTTCTTCTAGTTCAAGCCACTGTTTAATCCAGGATATTAGGGATTTGAGAGAATCAATCATCCATTGCGCTCCTCGCGCAGCGTTGAAAAAGGTCACAAAGTCTCTAAGATCCGGTCCTTGGGCACTGGGGAAGAAAGGAGGGGAAACTCTAAGTTTTCTAGCCATGAAGATCTTAATCTTCTCATACCAATCAAAGAAAGTTATACCATCAGCAAGAAGAATAGAGGCAGCAGCAAAGTAAGCACCTGGCCCTTGACCATGAACCAAGTACATGAGGGAAGTAAGCTTTACAAGAAGACACACCATGTCTCTAAGAAACACGGCGTCTGTGACAGTTTCCTTTAGGTTGTTCCACTTTGCCATGAGAGTATTGAGAGTTGTAAGAAGCCTGTTTACATTGTCTACAGTTTCTGGTTTTCTTGCCAATTGAATTAACTCAGTAACAGGTCCATGAGCTGTGTACTCAGGATTAAAGGCAGGTCCTGGGTTTGATTCCACATCACCAGCGCCCCAAAC
SRR7892471,NODE_2739_length_942_cov_0.067,2248,942,3187,Human cosavirus E,68.47134,NC_012798,false,,,,,,,ATCTTGAAGTTACAGTTGTCCCAGACTCTACGGTTACAGGACCGTGGAGAGTAACTTGGTTTCCTGTCGGTGCCCCTATAGACGAGGTAGAGATGATAACCAGTGAAACTGCGCAAGCAACAGAACCGTACTGGCAGTTCACAGCAGACAGGAAGGATGTTTCTACTCTTTATTCATTCAACCCTTCATTCTGGTCTTCAGGTCAAAATAAAGTTTCTTTTGATATTCCCATGACAACCCCGCTTTCATTGTTACCTCTGTATTTTGATGGTTATCCAGACTATTCTAATACTCCAGGACTGTACGGTGTTGCTCCTGCAAATGGTTATGGCATACTTACAATAAAAAGCACAGTGTTATCAGAAAAATTTCTTGTATATATTAGATACAAAAATTTTAAAGGTTTTGTACCTAGACCCTTGCCCAGATTAGAGCAGGTTAGTCCTACAGCCCGCGTTCGCGTGGCTGCCAGTGACGGACTTGCCCCCAGAAAATACCTTGCCCACAAGAAGCTGATGCTTTCAGGTGATGTTGAAACAAACCCAGGCCCAATGTGTTCTAAGTTTATGGCCCAAGGTTCAATGACTGATTTTCTGAATGTGGCACGAAAACCAGAAACCTTAGATAATGTGACCAGGCTTCTTACAACTTTGAATAATCTAATGAACAAGTGGAACAACGTAAAACACATGTGTTGTGACTCTTATTTTCTTAGGGATATTCTATGTCTATTAGTTAAATTGACTTCACTATCATACCTTGTTGCTGGCCAGGGCCCTTCAGCTTATCTTGCAGCTTCTGCCGTTCTTATTGCGGACGGCATTTCTTTTCTTGATTGGTATGAGAAAATAAAGAGATTCCTTGGTACACGCTTTAGGACTTCTCCCCCCATTTTCACCCTTGCACAGGGCCCCGACCTTAGGGACCTTGTCACTTTCTTCA
SRR7892471,NODE_3097_length_906_cov_0.441,2714,906,3626,Human cosavirus A,70.84257,FJ438903,false,,,,,,,AAGTGTAGTCAACAATTCTCCTGGCCCAGTTAGTATCTATGATGATAATGGTAAGGTTAAGAATTTGGTTGATGTTTTCACTACCACTAATGTGCTTTTGCCTTCCTCCTTACTATCTCTCTCACCCTGTGCTTCAATATGTGGCCAACCCCTCTCTGCTTTTGTTTACGGACAGCGTGCGAGTTCAAAGAAGACTTTAAGGCTTTGCTCAGGAGATGATTTGCTATACCGTTGTTGTCCCTTCTCATATATTAAATGTGATTTGGAATTTACTGTTGTGCCACCGCCAAATTCTACACGAGACTACACTGTTCATTGGTACCCCCCAGGTGCTACTTTGGATGTGGGTGAAATGTGTTCTGGTAACTCTGCCGGAAGTGGGCGATTTGATGATAACGGCTTAAACACCAGCACCTGTCTTTTATCCTACAATCCTTCTTTTCAGGCTAGGGCCCCCGCTAAAGTGTCTGCTGTTATACCCTTTTGTTTACCAGTTTCTCTACTACCCCTTTACTTTGATGGCTATCCAGACTACCGTACTACAAAAGGTATGTACGGTTGTTCACCCTCTTTCAGTTTCGGTACAATTTTTGTTGAGGCTGGATTACAGGAGATCTACTCAGTTTACATCAGGTATAAAGACTTCAAAGGCTTTGCCCCTAGGCCCCTTATTAGGACCCCGCACGTCCCTTTGACTGAAAGGAGACGGTTTGTCATGGCTGATTCAGTGTTACCTAGACCTTTAACTCTAGCAGAAAGAGATGTTGCTCGCGAGCTTCTGTTGGTCGCTGGTGATGTGGAATCAAACCCAGGACCTGCCTTTAATCCTGAGTACACAGCTCATGGACCTGTTACTGAGTTAATTCAATTGGCAAGAAAACCAGAAACTGTAGACAATGTAAACAC
SRR7892471,NODE_3858_length_843_cov_0.192,6202,843,7045,Human cosavirus A,90.98457,FJ438903,false,,,,,,,CCTATACCAAGACAAGAAGACAGATGATTGACTTCAACACTGGACAGATTTTGGATGACACTCTTAAGTGCCGACTTGGACAATGGCTTGCTGGAAGACCCCCTTCAGAAGTACATTACCAGACTTTCCTTAAAGACGAAATCAGACCCATTGAGAAAGTGAAAGCAGGAAAAACCAGAATAATTGACGTGCCTCCTCTTGACCACGTCATTGCTTTCAGAATGCTGTTTGGCAGATTCATAGCCAACTACCATCTAAATTATGGCTTCAAAACAGGCTCTGCAATTGGATGTGACCCCGACATTGCTTGGGCGTCTTTTGGCTTTGAACTCAGTGGTTTCCCCTACTTGTATGACTTTGACTACTCCAACTTTGATGCTTCTCACAGTACATCAATCTTTGAGATATTAGAAAACAAGTTCTTTTCCCCAGAATTAGGTTTTGATCCTAGATGCTCACTTCTCTTGAAATCCCTTGCAGTTTCGACCCACTGTTATGAGAACAAGAGACTCCAGATTGCTGGAGGGCTTCCCTCTGGCACAGCAGGTACTTCAGTACTGAACACCGTGATAAATAACATCATCTTTCACGGTGCATTGTATCACACTTATACAAATTTTGAGTGGGATGACATCAGTATGTTAGCCTACGGCGACGACATTGTTGTTGCCTCCAAATTTGAACTTGACTTGGTCATGGTTAAGGCTTTCATGAACCGGATCGGCTACAAGATTACCCCTGCAGACAAAAGTGATGAATTCAGACCAAAGTGTATGGATGACATTTGCTTCTTGAAGAGGCGTTTTGTTAAAGTTGCTGGAGTTTGGGCTCCAGTGATGGAAA
SRR7892471,NODE_5508_length_739_cov_0.330,-136,739,602,Human cosavirus A,85.190216,FJ438903,false,,,,,,,CTCCTGTACACCGTGAGTCCGCGCAGTGCTGACTTAACACTTAAGTAATGAATAGGTCGAGAATTACACCGCTCGGCTCCCACCTTTCACCACCGTGGGATTAACAGGTTTAACGCATGAATTCCTGTCCTTGGTTATGTCGAAGTAATACGGCATGTGTATCTTACACAGGCCTAAGACGGAGACTTAGACCTCACAGATTGTGTTTCATGTTGTTAAATGCTGGATGGTCACGTTGGAGACTGCATGTGGCAGTCTTGAAACGTGTGGTTTGACATCTATCCATTATGGCAGTGGGTGGAGTACTGCAAAGATGTCACCGTGCTTTACACGGTTTTTGAACCCCACACCGGCTGTTTGGCGCTTGCAGGACAGTAGGTTTATTTTCATTTGAATTCTCTTTTCTAGCCGTGTAGGTTCTATCTACACGGGCGGAGTGATACTCCCGCTCCTTCTTGGACAGGCGACCTCCACGCCCTTTGTGGATCTCAAGGTTGCCAAGTCACTGGTGTTTGAAGTGAAGATTGAAGAAACACTAGGGAGTTTCATGTGGCTTTGCCAGGGATTGTAGCGATGCTGTGTGTGTGTGCGGAATTCCCCTCGTGGCGACACGAGCCTCACAGGCCGAAAGCCCTGTCCGAAAGGACCCACACAGTGGGGTTACCCCAACCCCTCCCTACAAGGCTTTGTGTAAACAAACTTTTGTTTTGTCTTTCTTAAGCTTTTCTCACATAAGAGC
SRR7892471,NODE_6220_length_707_cov_0.298,2144,707,2851,Human cosavirus A,73.85714,FJ438903,false,,,,,,,CACTCTGGTGGCCAACTTGGCCCGCTATTTTTGTAATTATAGGGGAAGTCTTCAGTTTGATTTCATAGCTGCAACAACGGCTATGACGCGAGGAAAACTATTAATTAGTTATACACCACCAGGAGCTGGAGAACCGCAGACTATAGATCAGGCTATGATGGGAACATACGCAATATGGGATCTTGGTCTGCAGTCTACTTTCAACTTTGTGGTTCCTTTTATCTCAGCTTCTGATTTCAGATTTAACTCTTCCTCGGTTTCAAACGCTTTGAATTCAGATGGCTGGATATCAGTATGGTTGATGAATCCCCTGACTTACCCGCCCAGCACACCTCCTACCCAACAGATTTTAATGCTGCTTTCTGCTGGCAGTGACTTTTCATACAGACTTCCAATATCTCCAGGATTTGCAGAAGGGCCCGTGGGTGAACACCCCATGGACAATGCAGAGTGTGGCATAGTCGATGACAAAGATGCTGGCATGTTCTCAGGTCATTCAGTAGGACTCCCCACCCCTCATACAGCCACCTCTTTCTTTTATGATAGGTATAGATTCATAGGCACAGTAAAAAGTGTAGTCAACAATTCTCCTGGCCCAGTTAGTATCTATGATGATAATGGTAAGGTTAAGAATTTGGTTGATGTTTTCACTACCACTAATGTGCTTTTGCCTTCCTCCTTACTATCTCTCTCACCATGTACCAAAC
SRR7892471,NODE_8160_length_632_cov_0.350,3803,632,4435,Human cosavirus D,83.12102,NC_012802,false,,,,,,,CCTTGTCACTTTCTTCAACGCCGCTCGTGGCGCTCAGTGGATGGTTGATTCCATCAGAGGCTTAATTTCCTGGATCAAACAATGGCTAGAATTGGAAGAGGAAAATGAAGCAGTACACTTTGAGAAACTCCTAATAGAAAGTCCCAAACATTGCAAGGCTATTAATGACTACAATATTGGAAAAACTTTTGTGAGACCAGAAAATTCTTTTGACTTTGTGGACAGGCTTGTGGACTCTGCTACCAAGTTGGGAAAAGTAAACATTGCTGGGTACTTCAGAACATTCACTTCAGTGGACACCGATGCACCCAGGATGGAACCAGTTGTTCTGGTATTGCGTGGCAAACCGGGAGCTGGAAAATCTGCGGCGGCAACAATCATTACTGCCGCTGTTTCAAAAATCTTGACAGGGACGCAATCTGTTTACACTCTCTCTCCGGACACCGAACACATGGACGGATACCACGGTCAATTTTCAATGATAATGGATGATCTTGGACAAAACCCAGATGGAGAAGACTTCAGAACTTTCTGTCAAATGATATCGGTTGCTCAATACAGACCATCAATGGCTGACTTGAAAGACAAAGGCATTCTGTTCAAATCTCAGTTTATTGTTGCAACCACAAATT
SRR7892471,NODE_8779_length_612_cov_0.055,6256,612,6868,Human cosavirus D,89.70589,NC_012802,true,,,,,,,CTGCATGCATTTTGGAATGAATTTCTCTCCTTTGTCAGCTGGAGTGATTTTGTAGCCAATATGTGCCATGAAATCTTTTACTTTGTCCAATTCTAAAAGGCAATCTGAAGCGGCAACAATATCATCACCGTAAGCCAACATCTGCACATCATCCCATTCAAAGTTGCTGTAAGTATGGTAAAGAGCAGCCTTGAAAATTATGTTGTTGATGATTGTGTTTATGACTGAAGTTCCTGAAGTGCCTGAGGGAAGTCCACCACGAATAGTCATTCTCTGTTCTTCATAGCAGTGAGTCGAGGTCACTAGAGAGTCAATCATTAGAGAGCATCTGTGATCAAAACCATTGTCTTTTGTGAAAACAAACTGTTTAAGAAGTTCAAAAATAGATTCTGAGTGTGAAGCATCAAAGTTTGAGTAGTCAAAATCATACTGGTACTTCTTAGATGAAAGAGCAAAGCCAAAGTTGGCCCAAGCAACATCCGGGTCACACCCGACAGCTGAGCCAAGGTTAAAGCCATAATTGTTATGAAAATGTGCCATAAACCTGCCAAGGACAATTCTGAAAGCCAAAACATGGTCAAGAGGGGTCACATCAATGATTCTGGTTTTCCC
SRR7892471,NODE_13661_length_504_cov_0.22,4293,504,4797,Human cosavirus D,83.92857,NC_012802,true,,,,,,,ATGACGACACCCTCGTCGTCCTTTGTGTAGCCCACAATTTTTGGTGACTGCACGACGAGTCCTTCCAGCATTCCACTGGTGGTTCTCTTACTCTTGATTTTCTTTACAATTAGATCAACCAATTCCTTTATATTCATGGTCTTGCCTGTTCTGAGATTGTGTAGTGCCAGTCCTGTTGTGTGTAAAATTTGACAGTCTGTCGAATAAGGAAATTCACCTTCACCATCCGGTTTGAGTGCAGCAGCCAAGTCAAGTTTTCCATTCTTTGTAACAGCAGATCCAGGTGTCACACCAAAGTCAAAAGTTATTCTGCGGTCAACAGCTCCGCGATCAGTCACAGTCAAGGGCCTGAACTCATTTAAATTTGTGGTTGCAACGATAAACTGAGATTTGAACAGAATGCCTTTGTCTTTCAAGTCAGCCATTGATGGTCTGTATTGAGCAACCGATATCATTTGACAGAAAGTTCTGAAGTCTTCTCCATCTGGGTTTTGTCCAAGATCA
SRR7892476,NODE_232_length_1401_cov_1.847,2082,1401,3483,Picornaviridae Enterovirus C,77.26608,NC_002058,true,CV-A13,100.0,CV-A13,100.0,,,GTGTTTGGTCTTTCTGGTAATCAGCTGCAGTGGCCAAGTGGTAATTGATTATTTTGTATCCAGCCACGTACACGGCTTTGTTCTGATGTCCAAACCCATAAGTGGTCAGGTTTTTGGTTGGTAATGGGGTTAAGTCGCTGGCTTTATAGTCAACTCCTGGTCCATAATATTTTACTGCGCGGGGCGGTCTTGGGCACCAAACTCTAACATGCTTGGGTTTCATGTACACTCTAATTTTGGAGCTCACCCTAACTGGGTTGTGTTCATTCACTACTCTTGCTGCTAGCAATCCAAAGTCATTTATAGACACAGCTCCGTAATATGCAGCTCCTGGGTCAGTAATGTCTGTCTTGAGTGGTACTGTACTGTAGCCATCATAGAAGTGTGAGTATGCGTTTGCGATTCCCACAAATGGGATGGATATTCTAGCGGGGGCATCTCCATATGTGTAGAATATTGAAGGGTTTGAGGATGTTTGCCAGGTGTAATCATCCCATTTCTTGGGTACTGGTGCACCGGGTGGGACATACATGATTTGGTAAACCTGATTTAGTGCATGTCCGGAGTTGCTGGAGTAGTATCTTTCTGTCACCACAAACGTAAATTCAATGTCAAATCTGGAGTAAGTGAACATCTCCAATTTTCTCCTGAGTTGTACTGTATCAGTATATGTGATGTTCCAAGTGGAGAACAGGGTTGACTTCTGATTACTACTTAATGTTTCATTGTAATTGTCTACAGCCATTATTGTAACGCACGCTCCTCTTGCGAAGAAAGATTCTATTGTACTTTCTGATCTGGACCTACTTTGTATGACATGTCTGGTCTGTACAGTGTCTGAAGGAGTTAATGGATTCGTGGCTCCCGTTTCAACCGCAGTCAAAGCGGGGACCTCTTGTGAGTGGGCTGGAGTGCTCTGCAGCGTATTTGGAACACTCTGTTCTGCAGGGGGCAATGCTGGCCTATTCGGTTGTGACAATTGCAGTGCGTTGCTGGCTGCTTGTTGTATGATTTCTTCAATTCCTTGATAAAGTGCATCCTGAGTGATGTGTGTGGTGTCCCTCAACAATCTGACAGTGAAGTCATTGCATGCTGAGACGAAACCCAATACATCCATCTTAGTTGGAGTGGAGGCTGGAACCACAATCCTAGTCTGGTAAAACATGCTAATGTATCCACCCTCTGTGAAGTCATCCTTTACTGTCCTGCGGTAGCTGGTATTACTGATCCACGGAACCACCATGGTGCAAGAAGATTGGAGACCGATGTCCCAAATGATATGAGTTCCTAACATTGCTTGTTTTCTATCCTGTGGTGGTTGCGCACCAGGTGGTGAATATGCAACCAATATCTTCCCAGTTGCCATCATTGACCCACAAAACAAGCCAAACACACCCAACA
SRR7892476,NODE_1311_length_883_cov_0.448,5539,883,6422,Picornaviridae Enterovirus C,86.39456,NC_002058,true,,,,,,,TAGGAGCTTTTGCATTTCCTTTGTATCTCTAGTTTGTTTGTTCAGGATGTCTCTCTTCTTTTTGCCCATGGCGACATAGGGGTATCCAGCACTAGTGCTGAGGTCTAAAGCCTCGAGACCATCAGTGCCGTACATGGCATCCTCGAGACACATCTGTTCTGTGTTGATGTCAAGGGACATCAGCTGACCAGCATAGTGATCAACAGCTTCTTTCATGTACTCATCTACCTCTGTGATCTTGTTGCCCACATACTTGGAGAAGATGGCTTCCTCAAAGTCTGTTTTTAACCTTGGGTCATTCTTAGTGAGTACTGCAGGCTCCTTGACGCCTTCAAACACGTAGTGGAAGGCGCTGGGTTCCAACTTGGTTTTGGATGGAGCATTAATGATAGGGTAACCTACTTCTTTAGATGGTCTCATCCATTGGATCTCACCTTGATTCTGAGTGAAGTATGACCGTTTTAGGGCTGCTGCGAACCCGTGTGAACCGTTCCCTCCAACATGCATCCCGATGACTTTCCCAGTGCACGTGATGACTCCACCACACTGGCCTGCTCTCGTTGGGAAGTTGTACATCAATGTGCGAGCGGTCTGGCGTCCACCGAGATTGAGGTATCCCTGTTCAGTCACAGCACCGACTGGGACATACATGTTGGGGTACTTACTAGTGTTCACGATCAATACTCCATCATTCGTCTCAGTGATCTGGGTTGGGATGTGTGGTCTAATGTCCCTGAATTTCTCATTCCTTTTAAGGGTCACTATTGTGATTTCTAGGTTGGTTCCAGCTTGGTCTTCAAGGGCCTTGGCATCCAGTACCTCAACTTCCTTACCATCAATGACAATTGTATCACCTGGTGCGGAATGTGTGGGTAATATGGCC
SRR7892476,NODE_2954_length_681_cov_0.664,4718,681,5400,Picornaviridae Enterovirus C,79.30514,NC_002058,false,CV-A13,90.0,,,,,TTATACCACCAATGGCTTCACTGGAAGAGAAGGAATTTTATTCACTTCTGACTATGTGTTGGCATCCACCAATTCCAGTACAATAACACCACCAACCGTTGCCCACAGTGACGCCCTATCGCGTCGATTTGCATTTGACATGGAGATATGCCCGATGTCTATGTACACTATTAAAGGCAAACTCAATATGGCAGAGGCCACAAGACTGTGCAAGGATTGCCCTACTCCAGCTAATTTTAAAAAGTGCTGCCCACTAGTGTGCGGCAAGGCCATACAACTCATGGATAAGATAACCAGGCAGAGATTCAGCGTAGATGAACTCACCACTTTAGTTATCAATGAGAAAAACAGGAGAGCTAACATTGGTAATTGCATGGAAGCTCTTTTTCAAGGACCCTTACAGTACAAAGATCTGAAGATAGACATAAAAACCACTCCCCCACCTGAGTGCATTAATGATCTATTACAATCAGTTGATTCGCAGGAGGTGAGGGATTACTGTGAGAAGAAAGGGTGGATAGTAGATGTGTCTAGTGATGTAAAAGTTGAAAGAAACATTAACAGAGCCATGACCATATTACAAGCAGTTACAACATTTGCAGCAGTGGCTGGAGTGGTGTATGTTATGTACAAATTGTTTGCAGGGCAGCAAGGACCATACACAGATACCCAAACACACCC
SRR7892476,NODE_3290_length_656_cov_0.860,1360,656,2016,Picornaviridae Enterovirus C,75.47771,NC_002058,true,CV-A13,100.0,,,,,AACACAAAATGGGTTTCTTATCCAGAGTGTCAGATAATTGTACTCTGTACATGTCCATTGTGTTCTTCTTGTTTTCACTCAGGTCTAAGGGAATCATGGTATCGATTTCTGCCAGCTCCATCATGTTCTTAACCTCTCCAGGGATGAAAATGGGCTGTGTAACGTCAAACTCTGGTAATGCACATGGTGACTGGAAGTTGTCTGAAGTTAAATACTGATTGCTTCCTGGAGTATTCATCACGGGTAATCCTTGAGTTGCTGGAATAGTGAGATTTCTTAACCCATTAAATTCACAACACATGGGAGCGATTGTGATCGTAATTGGTAATTTGGTACTTGAGTCTGGAGAGTAGTCCAGTTTTGATAAAGGTAAGATGATCAGGCCCCAGTTGTTGTGTTTCGCCATACAATCAATGGCGAGAGAATTAACATATGGTAGTACCAAAGTTGCACAATTGTTGGTTCTCAGATTGATGATTTGGTGTGGAAACACAAAAGCGTTTCCTGCTAGAACTCCACTACCAAACAAGTAATCAACTGGCTGAAACTCTCGTTTCGGATTTGATGATGTGTCGGGTGTAAAGGTTGATACGAACACACCTCCCTTCTCACCTGGGTTTGCATTGATGTATGAAGTGTAGTTTGTCTTCGTATTC
SRR7892476,NODE_3387_length_649_cov_0.917,3780,649,4429,Picornaviridae Enterovirus C,78.41615,NC_002058,true,CV-A13,89.0,,,,,CTGATTCGTTTTGCCTCTACAGCATAGAGTGGTGCAAATCTTCTGGATTGTATTGCTAGCCATCTGACATTGTTGAAAAGAACTTCTTGTTGTTCTTGACTAGGACATGATTGGTGAATAGTATTAATTTGGTTTTCCAACATACCCAACTGTTTCAACTTACTCAGATACTCCACTTTATCCTTTGCTTCTGGGATAACTTTGTTCTTCAGCCAATCCACAAATTTGGAGATTTTGTTGCTGATCCATTCCAATCCCTTTGCAGCATTACAAGCTTCTGTGAATTTCTTCAGCCATGAGTCGCCTTGTCTCACAGCATACGGTATCTCAAGAATGTCACATGCCTTTTTCTTCAGCCAAGCCCAAGGTGAGACATCACACCCTAGCAAAGCTAATGTAGCGAGCACTGTGGTGGAGTCTTCATAGTTCCTGGTTATTATGACCAAGCTGCTGATCAGCTTAATTAGATTCTTTAATAACTTTTCAGTGACTACTGATGTAACCATAGAGGTAATTTCACTTATTTTATCTCCGATTTGATTGGAGAACCCACTACCAAATGCTGCTCCAAGGGACTCAATGTAAGAAGTTATACCCTGCTCCATTGCTTCATCTTCCACATAAAGATCTCTAAAATCACCAAACACAC
SRR7892476,NODE_3990_length_615_cov_0.426,330,615,943,Picornaviridae Enterovirus C,85.85526,NC_002058,false,CV-A13,90.0,,,,,ACAGCCTCACCGGCGACGGTGGTCCAGGCTGCGTTGGCGGCCTACCTGTGGCCCAAAGCCACAGGACGCTAGTTGTGAACAAGGTGTGAAGAGCCTATTGAGCTACAAGAGAGTCCTCCGGCCCCTGAATGCGGCTAATCCCAACCACGGAGCAAGGGTGCACAAGCCAGTGTATGCCTTGTCGTAATGCGCAAGTCTGTGGCGGAACCGACTACTTTGGGTGTCCGTGTTTCCTTTTATTTTTATACTGGCTGCTTATGGTGACAATCACAGATTGTTATCATAAAGCGACTTGGATTGGCCATCCGGTGAAAGTAAAGTATATTATTTACTTGTTTGTTGGATTCACTCCATTCAATTCTTTTACCTATAAACTCATTACAACAGTCTTGTTAATTAGAAGTATACATCACAATGGGTGCCCAGGTTTCAAGTCAGAAGGTGGGAGCACACGAGAATACTAACGTGGCAACTGGTGGTTCCACAGTTAATTATACGACAATCAATTATTACAAGGACTCAGCCAGCAACGCCGCATCCAAACAGGACTTTTCCCAAGACCCATCTAAATTTACTGAACCAGTGAAAGATGTGCTTATAAAATCAGCCCCAAAC
SRR7892476,NODE_4342_length_596_cov_0.349,6277,596,6873,Picornaviridae Enterovirus C,84.31373,NC_002058,true,,,,,,,GTTGGGTGTGTTTGGGGCGGCCAGATGGCATGCCGCCCTTGACACAGTAAGTTTTGTTCTTGTAAAGGTGATGTGAATGGTTTAGATAATCAATGTAATCTACTCTATCTCCAAATCCTATCTTTTCAAGAACCATTTTGAGAGCCTCGAACCAAGCAGGACTAAGGGAAGCATCATAACCTGTGTAATCAAAAGCAAAGAGTTTCTCTTCCATCAGCACCGGTATCTTGCTCCAAAACAAGTCTGGATCACATCCGACAGCAGATCCAGTCACTACACCTGGGTTCTTGTGGAAAGCTGCGTATAGATTTCCAAATGCCATCCTCATTGCCACGGAGTCGTTCAAACTCGAGGCTTCAATCAGTCTGGATTTACCTTGCTCCACTTTGGTCTTTGACCTAAGTTCATCCTTGACATAGGTGACTAATGGCAGATTGATCCCGTAGGTATCTAGGAGCTTTTGCATTTCCTTTGTATCTCTAGTTTGTTTGTTCAGGATGTCTCTCTTCTTTTTGCCCATGGCGACATAGGGGTATCCAGCACTAGTGCTGAGGTCTAAAGCCTCGAGACCATCAGTCGCCAAACACACCCAACAC
SRR7892476,NODE_4872_length_570_cov_0.401,3345,570,3918,Picornaviridae Enterovirus C,78.268555,NC_002058,false,CV-A13,100.0,,,,,CGACTTAACCCCATTACCAACCAAAAACCTGACCACTTATGGGTTTGGACATCAGAACAAAGCCGTGTACGTGGCTGGATACAAAATAATCAATTACCACTTGGCCACTGCAGCTGATTACCAGAATTGTGTGAGAAGTCTCTGGGAAAGGGATTTAATGGTTGTAGAGTCAAAAGCACAGGGCATCGATCAGATAGCTAGGTGTAACTGTAGGTCTGGTGTGTATTACTGTGAATCTAGGTCAAAACATTATCCCGTTACTGTGACCTCCCCAACCTTCCAATGGATGGAGAAAAACGACTTTTATCCAGCCAGGTATCAAACACACATGACCATTGGTTGTGGTTTCGCAGCCCCTGGGGACTGTGGTGGCATTTTGAGATGCCAACACGGTGTCATGGGCTTGATCACTGCCGGTGGGAATGGTGTTGTGGCATTTGCAGATATTAGAGATCTTTATGTGGAAGATGAAGCAATGGAGCAGGGTATAACTTCTTACATTGAGTCCCTTGGAGCAGCATTTGGTAGTGGGTTCTCCAATCAAATCGGAGATAAAATAAGTGAAATTAC
SRR7892476,NODE_5216_length_556_cov_0.529,813,556,1369,Picornaviridae Enterovirus C,82.640144,NC_002058,false,CV-A13,91.0,,,,,AGTTAATTATACGACAATCAATTATTACAAGGACTCAGCCAGCAACGCCGCATCCAAACAGGACTTTTCCCAAGACCCATCTAAATTTACTGAACCAGTGAAAGATGTGCTTATAAAATCAGCCCCGGCATTGAATTCACCAAACATTGAGGCTTGTGGTTATAGCGACAGGGTTATGCAATTGACACTTGGAAATTCCACCATAACCACCCAGGAAGCTGCCAATTCAGTGGTGGCTTACGGAGTGTGGCCCAGTTATCTAAGTGATAAAGATGCCAACCCAGTGGATCAACCCACCGAACCAGATGTAGCAGCATGTAGATTTTACACACTAGATACAGTAGAGTGGGAGAAGGAGTCAAAGGGCTGGTGGTGGAAACTACCAGATGCTTTGAAGGATATGGGTTTATTTGGGCAAAACATGTTTTACCATTACCTGGGCAGATCTGGATACACAGTTCATGTACAGTGTAATGCTTCCAAATTCCACCAGGGTACCCTTGGTGTCTTTGCAGTCCCCGAATGCTGCTTAGCAGGAGATCCGAATACCAAACAC
SRR7892476,NODE_5783_length_534_cov_0.275,5533,534,6067,Human cosavirus D,85.74144,NC_012802,false,,,,,,,ACATTGGACCCATCCCCTTTGTGATGCTTTACAAGGCCTCTTCTTATTTCGGAATGTGTGGTTCAGCTGTTTTGACTAGATTTGGTGATTGCCCCGGAATCCTTGGACTTCACTGCGCAGGCGGTGGTGGTGTGTGTGTTGCCTCCAGAGTGACAAAAAGAATGGTAGAAACTGTCCTAGATTACTTTTACCCACCTCAGGTTCAGGGACAAATTGTGAACACAGAAAGTGGACCCAGAGTGCATGTTCCCAGACAATCCAAGCTTAAAAGAACAAATGCTAATTACCCTGCCACTTCCAAATATGGACCAGCTGTGCTTTCAAAGAATGACCCAAGACTTAACCCAGATGTGGACTTTGATAAAGTGATCTTTTCAAAACACGTTGCCAACGTTGTTATTGATGAGGACACTAGTTTCTGGAAGGCTCTGAAGATGTCTGCTCAGATTTATGCTGAAAAGTTTAAAGGTGTTGACTTCTCCCCGCTTACAGTGGAAGAAGCAATTTGTGGAATCCCAGGACTTGACCAAATCC
SRR7892478,NODE_18_length_2868_cov_0.0839,2793,2868,5661,Picornaviridae Enterovirus C,81.271835,NC_002058,true,EV-C99,100.0,EV-C99,100.0,,,CTATTGTAATCTCCAGATTGGTACCGGCCTGATCAACTAGTGCTTGTGCATCCAATATTTTGATTTCCTTTCCATCAATCACTAGTGTGTCGCCTGGTGTGGCATGAGTAGGCAGTACTGCAACATTGTCGTGCACACCCAACATAGTGAACTCCCCTTTGGATGTGGTGGCAGTAAGGATATTCCTCTTGGCCATTGCAACGGCATAGTCAAAACCGGGACCCTGTACTTTTGCAGTTCTAATAGTGGGAATATTTGGTTTCCTTGTGGGCAATCCTGTGTAGGGCCCTTGTTGTCCTGCAAACAAGCGGTACATTACGTACACAACCCCTGCGACAGCGGCAAAGGTTGTTATGGCTTGTAGGATTGTCATGGCTCTGTTCAGGTTGCGCTCCATTTGGACTTCACTGTTTATGTTGACAATCCACCCCTTTTTCTCGCAGTAGTCTCTGACTTCCTGACTATCTACAGACTGCAACAAGTCATTGATACATTCTGGTGGGGGGGTGTTTTTGATGTCAATTTTCAAATCTTTATACTGTATAGGCCCCTGAAATAATGCCTCCATGCAATTACCAATGTTAGCCCTTCTCATCTTTTCATTAATAATTAGAGTTGTGATTTCATCAACAGTGAACCTTTGTCTGGTGTGCTTATCCATTAGTTGTATAGCTTTACCACAAATTAAAGGGCAACACTTTTTAAAATTTGCTGGTTTGGGGCATTCCTTGCACAGCACTGTAGCAGTTGCCATGTTCAGTTTTCCTTTGATTGAGTATTCGGACATTGTGTAAACATCCATGTCAAAGGCAAATCTTCTACTCAGGGCATCTGCGCTAGACACTGTTGGTGGGACTATGCTACCTGAGTTAGTGGATGCAAGAACGTAGTCTGAAGTGAATAAGATCCCCTTTTCTTCTAATGATGCCATTGGTGGTATGAATTCTACGGTTGAGACCATTTGACAGAATAATTTCATGTCCTCCCCGTCGGGGTTTTGATTTAAATCATCCATGATTACCACACCTTGTTGTTTGTAACCATCAAAGTGTGCGGGGTCTGGTGGTAGAGAATACACAGAGGTGTTCTCTCTTTCTGCAATGGCTCTTCCTACTAATGAAGTCACAATTGATTTACCAGTACCTGGACTACCATGTATCAGCATACATACTGGCTCAATACGGTGTTTGCTCTTGAACTGTATGTAGTTGTTGATTGTGTTCTCCAATTTGGAAATGCGCTTTGCTTCCACTGCATATAATGGTGCAAAGCGCCGTGATTGAATGGCCAACCACCTAACGTTGTTAAATAGAATCTCCTGTTGTTCCTGGCTTGGACAGGATTGATGTATGGTGTTAATCTGATTTTCTAGCATTCCTAGCTGTTTCAACTTAGTAACAAACTCTACCTTGTCTCTAGCCTCTGGTAATACCTTTGTCTTAAGCCAATCAATAAATTTGGATATTTTGTTGCTGATCCACTCTAAACCCTTTGCTGCATTGCAGGCCTCAGTGAACTTCTTCAACCAGGAATCTCCTTGTCTACACACATAGGGCAACTCCAATATGTCACAAGCTTTCTTCCTGAGCCAAGACCAAGGTGAAACATCACAACCTAGCAGAGCGAGAGTGGCCAGCACTGTGGTGGTATCTTCGTAATTTCTGATGATTATTACTAAGCTGCTGATGAGTTTTACAAGGTTCTTTAATAATTTCTCTGTTATAACACTACTCACCATTGAAGTGATTTCAGCAACTTTTTCACTTATCTGGTTTGTGAATCCACATCCAAATGCTGCACCCAGGGATTCCATGTAATTGGCGATACCCTGTTCCATGGCCTCTTCCTCTACATACAAGTCTCTGATGTCAGCAAACGCAACAATTCCATTGCCTCCAGCAGTGATTAAGCCCATTATGCCATGTTGACACCTTAGGATTCCACCACAATCACCAGGTTCAGCGAAACCATGGCCCATAGTCATGTGTGATTGGTATCTGGCTGGATAGTAATCATTGGCCTCCATCCACTGAAATGTTGGTCTAGTGATGGTGATTGGATAGTGCTTGTTGCGTGAGGAGCAGTAATACACACCAGTTGTACAAGAGCATCTAGCTATTTTGTCAATTCCCTGAGCTCTGGATTCTACCACCATTAAGTCCCTCTCCCACATGCTCCTCACACAATGCCTGTAGTCTTCTGCAGTGGCTAGATGGTAATTGATTATTTTATAGCCAGCAACATAAACTGCCTGATTCTGGTGCCCAAATCCATATGTAGTAATGGTTGCCACTGAGGTCAAGGGAGATATGGATCCACTCACTAGATCTACCCCCTCTCCCCTGTATGGTACAGCCCGTGGTGGTCGGGGACACCAGCAGCGGATGTGTTTTGGTTTCATGTACACTCTGACTTTGGCAGTTATGCGCGCTGGGTTGAACTCATTGACCACTCTGACAGCTAAGGTACCAAAGTCATTGATGGACACCAATCCGTAAAATGTGTCTCCTGAGTCTGTTGTTTCATCTTTCAGCGGTACACGCGCAAACCCGTCATAGAAGTGAGAGTAAGCATTGGCAATACCGACGTAGGGAATTGAAATGCGTGCTGGTGTACATCCATAGGTGTAAAATATTGATGGGTTGGATGAAGATTGCCATGTGTAATCATCCCACGCATTTGGACGCGGTGCTCCAGGTGGTATGTACATTATTTGATACACTGAGTTCTTTGCATGACCTGAATTGCTTGTGTAGTATCTTTCTGTCACAACAAAAGTCATTTCTAAATCAAACCTGGAATAAGTAAAGAATTCTAGCTTGCGTCTTAATTGGACCGTGTTAGTGTAGGTGATGGGCCACACACACC
SRR7892478,NODE_24_length_2534_cov_0.0681,393,2534,2932,Picornaviridae Enterovirus C,80.54459,NC_002058,true,EV-C99,100.0,EV-C99,99.0,,,CCTGAATTGCTTGTGTAGTATCTTTCTGTCACAACAAAAGTCATTTCTAAATCAAACCTGGAATAAGTAAAGAATTCTAGCTTGCGTCTTAATTGGACCGTGTTAGTGTAGGTGATGGGCCACACAGTGAATTGTTTCTTTTTGTCTGAGGTTTCAGTGGCATTGAAATTTTCCACCTCTAGGATGGTGACACAAGCTGATCTACCAAAGAAAGACTCTAGTGTACTTTCTGATCTTGTTTTGTAATTGACCACATGTCTGGTTTCAATCACGTCAGAGGGTATTGCTTGTCCTGAAGCCCCTGTCTCAACCGCGGTGAGCGCTGGCACCTCTTGAGTATTCACTCCACTTGTGCTAGGTGTGTCTGAGGCGGTAACAGGTCGTGTTGGTTGGGAGAGTTGTAAGGCATTATTAATGACCTTATCAATTACATCATCTATACCTTGTGTTGTTGCTATCAGGGCACTCTGGCTGATGTGCGTAGTATCCCTCAACAGCCGCACACTGAAGTCTGGGCAAGCACTAACAAACGCTAGCATTGACATCGTTGTTGGAGTGTTGGCAGGAACCACTATGCGTGTCTGGTAGAAACATGTGATGTAGCCACCCTCTGTAAAATCATCCTTTACACATCTTCTGTACACTGTATTGGATATCCAGGGAGCAACCATGGTGCAACTGGATTGTAATCCCAGATCCCATATGATGTGTGTCCCCAGCATTGCATCTTTTCTACTCTTTGGTGGGGCGGCTCCAGGTGGCGAGTAAGTTAATATTAACTTCCCTGTTGCCATCATACTGCCACAGAACAAAAACGTGAACCTAAGAGATCCAGTCCAATGGGTGTAGTAGTTCAATATTTCGCCCAGCATGGTGTATTGCAACCGCTGATCAGACGCTGGGGAAAGACTTAGACAGAATATGGGGCTTGTAGTGCCCGTGGTGCTCAGTGGAATTCTGTACATGTCCATTGTGTTGGCCTTGCCTGACACACTATTCATTGGTATTAATGTATCTATCTCTGCCAGTTCCATCATGTTTTTCACCTCGCCTGGAATGTCAATCGGTGGGGTGACATCAAAATTTGGTAGAGCACATGGTGATTGAAAATCATCAGACGTTAGATACTGGCTGGAACCTGGTGTCACTAACACTGGTAAACCCTGAGTTGCTGGTATTGTGATGTTTCTTAGGCCATTGAATTCTGTAAACATTGGTGCTATAGTCACCGTAATTGGAATCGCGGTGGAAGCCTCTGAAGCAAATGCTAACGGCTCAAGGGGTAATATCACAAGACCCCAATTGTTATGCTTGGCCATACAGTCTATGGCTAATGAATTGACATATGGCAAAACAAGTGTGGCACTGTTGTTAGTTCTCAAATTAATAATTTGGTGGGGGTAAACAAATGCATTCCCCGCCAAGACACCACATCCTAACAGATAATCAAGTGCCGCAAATGTTCTGCCCGTGGCGGCATCAGTAGATGGGTTGTATTTATCTGTAAATTTACCACCTGCTTCTCCTGGATTGGCATTAACATATGATACATATGATGTCTTTGTTTCAGTATTGGTGGCCATAACATATTCAGGGATGGCAAAAACTCCCAAGGCACCCTGGTGGAACTTAGATGCATTACACTGTACGTGCACTGTGTAACCACTCCTACCCAGGTAGTGATAAAACATGTTTTGCCCAAATAGCCCCATGTCTTTAAGACAATCTGGTAACTTCCACCACCACCCTTTACTGCCTTTATCCCACTGCACTGATTCCAAAGTGTAAAATCTGTTTGAACTGACATCTGGTTCAGTAGGGGCATCTACTGGGTTAGCTTCAGTTGGTTTGAGATAGGAGGGCCATCTGCCATATGCTACCACAGCATTTGCTGCCTCTTGTGTGGTTATGGTGGAATTTCCTAGTGTAATTTGACGCACACGATCACTGTACCCACAAGCCTCAACATTTGGTGAATTTAATGCTGGTGCAGACTTCAACATAACATCCTTAACTGGCTCAGTAAATTTGGATGGGTCTTGTGAGAAGTCTTGTTTAGATGCTGCATTGCTGGCAGAGTCTTTGTAATAGTTGATGGTGGTGTAATTCACAGTAGAGCCACCTGTAGCCACATTAGTGTTTTCATGTGCTCCTACCTTCTGAGATGAAACTTGTGCACCCATTGTGGTATATGCTTCTAATCAACAGAGTTATAGTGATGAGCTGATAAGTGAAGGAATTGATTGGAGTAAATCCAACAAAAAGGTATATAATATATCTCACTTTCACCGGATGGCCAATCCAATTCGCTTTATGATAACAATCTGAGATTGTCACCATAAGCAGCCATTATAAAAATAAAAGGAAACACGGACACCCAAAGTAGTCGGTTCCGCCACAGAGTTACCCGTTACGACAAGCTACTCACTGGTGCGTGAGCACTTGCTCCATGGTTGGGATTAGCCGCATTCAGGGGCCGGAGGACTCTCTTGTAGCTCAATAGACTCTTCACACCTTGTTCACAACTAGCGTCC
SRR7892478,NODE_57_length_1648_cov_0.0696,5525,1648,7173,Picornaviridae Enterovirus C,84.61539,NC_002058,true,PV-2,93.0,,,,,CCTTCATTGGCATCACTGGATGCACGAGGAATGGATACTTTTCATCTGCTCTAAAGAATCTCTTCAAGAATGTTACATTTTCCCATGTGACTTGCTCGAAAGTTGCAGATTTGTCAGCTGGAGTCATAGTAAGTCCATAGTCTTTTCCTGATTGGGCTAGGAGACTAGCGTCTACTTCATGGGGGTAGGATGCAATTACATCATCACCATAGGCTATCATCTTCAGGTGGTCTAAATCTATGCCCTTGTAGGTTTTTAGTAAAAGTGTCCTAATTATGATATTATTAATCATTGAATTGAAAATGGAAGTGCCCGAGCAGCCAGATGGCATGCCGCCCTTGACGCAATATGTTTTGTTTTTGTACAGGTGGTGTGAGTGGTTTAGATAGTCAATGTAATCTACTCTATCACCAAATCCAATCTTCTCGAGGACCATTTTGAGAGCCTCGAACCAAGCTGGACTTAAAGAAGCATCGTAGCCGGTGTAGTCAAAAGCAAACAACTTTTCCTCCATTAAAACTGGGATCTTGCTCCAAAATAAATCTGGGTCACAGCCAACTGCACTGCCAGTTACCACCCCTGGATTTTTGTGAAAAGCTGCATATAGGTTACCAAAAGCCATTCTCATTGCCACTGAATCATTGAGACTGGATGCTTCTATGAGTCTCGATTTTCCCTGTTCTACCTTGGTTTTGGACCTGAGTTCATCTTTTACATAGGTGACTAGTGGTAGGTTGATACCGTATGTGTCTAATAGTCTCTGCATTTCTTTAGTATCTCTGGTCTGCTTGTTTAAGATGTCTCTTTTCTTCTTCCCCAAAGCTACATAGGGATAACCTGCGCTAGTGGAGAGATCCAGAGCCTCAAGTCCATCAGTCCCATACATAGCATCCTCTAGACACATCTGATCTGTGTTGATGTCCAGCGACATTAATTGGCCTGCATAGTGATCGACAGCCTCTTTCATATACTCATCCACTTCAGTGATTTTATTGCCTACATATTTAGAGAAGATTGCTTCCTCAAAGTCCACCTTGAGCCTGGGGTCGTTTTTGGTCAAAACTGCTGGTTCTTTCACCCCTTCAAACACGTAGTGAAACGCGCTTGGTTCCAATTTAGTTTTACTAGGGGCATTGATAATGGGGTAACCAACCTCTTTTGATGGTCTCATCCATTGGATTTCACCTTGACTCTGAGTGAAGTATGATCGCTTCAGGGCTGCTGCAAACCCATGTGAACCGTTCCCACCAACATGGATTCCAATGACTTTGCCTGTGCAAGTCACTACGCCACCACACTGCCCAGCTCTGGTTGGAAAGTTGTACATGAGAGTACGAGCTGTCTGGCGGCCACCCAAATTTAGATACCCCTGTTCAGTTACAGCTCCAACAGGGATATACATGTTGGGGTACTTACTAGTGTTCACGATCAGGACTCCATCATTGGTCTCAGTGATTTGGGTTGGGATGTGAGGTCTGATGTCTCTGAATTTCTCATTGCGTTGTAGTTTGACTATTGTAATCTCCAGATTGGTACCGGCCTGATCAACTAGTGCTTGTGCATCCAATATTTTGATTTCCTTTCCATCAATCACTAGTGTGTCGCCTGGTGTGGCATGAGTAGGCAGTACTGCAACATCGGCCCAAAC
SRR7892478,NODE_125_length_998_cov_0.0287,590,998,1590,Picornaviridae Parechovirus A,90.78156,NC_001897,false,,,,,,,TGGATCTGATCTGGGGCTGACTACCTCTATCTTGGTGAGTTAGTTAAAAAACGTCTAGTGGGCCAAACCCAGGGGGGATCCCTGGTTTCCTTTTATTTGATATAGTCACTATGGAGACAATTAAGAACATTGCAGATATGGCAACTGGTGTGGTTAGCTCTATTGATTCAACTGTTAACGCTGTCAATAGTACTACAGAAAACATTGGGAATGACATTGGCGGAAACTTGTTAACTAAAGTTGCAGATGATGCCTCTAATGTTTTGGGACCAAATTGTTATGCAACCACTTCACGACCTGAAAATAGAGATGTTGTGCAGGCGACGACAACCGTCAACACCACTAACCTTACACAGCACCCTTCTGCACCAACTATACCATTCACCCCTGACTTTAAAAATATAGACAATTATCACTCTATGGCATATGACATTACCACTGGGGATAAAAATCCAAGTAAGTTGGTTAGATTAAAGACAGCTTATTGGGGTGTTGCTGACAAAAGAAGACACGAGATAGCATATGTTGGCTTACCAAATGGATTCTGGACTGAGACACGAATGCCAGCACATGGGCAATCACGGTATTTTGGTGCCGTTAGGTGTGGTTTCCATTTCCAGGTCCAAATAAATGTCAATCAAGGAACTGCAGGCAGTGCTTTAGTTGTCTATGAACCAAAGCCAGTGGTTAGTGCGAAGGAGCACTTGGAATTTGGTGCTTATACAAATTTACCACATGTTTTGATGAATTTGGCAGAAACCACACAGGCAGACTTATGTATCCCCTATGTATCAGATACAAACTATGTACCCACTGATTCATCTGACTTAGGGCAGCTTACAGTGTATGTCTGGACTCCACTATCAACACCAAGCAATGCTTCAAATACTGTGGATGTAACCATCATGGGTAGTTTATTACAGCTAGATTTTCAAAATCCTAGGACTTATGGTGAAGCCGTGGACATTTATGACACAGCACCTGGGAACAATAAAGGG
SRR7892478,NODE_133_length_955_cov_0.0458,2494,955,3449,Picornaviridae Parechovirus A,85.91102,NC_001897,false,,,HPeV7,100.0,,,GGTTTGGGCTTGCAATGAATGTTGACATTTTCACTGCAAGCCACACCAAAGTTGACAACATTTTTGGGCGCGCCTGGTATAACTCACGACATGAATTCACAAATGGTGACCTGTGGCGCAGTTCATTGACTTTCCCTAAGAAGGGTCATGGAATGTTATCACAGCTATTTGCATATTTTACAGGTGAAGTGAACATACACATCCTTTATATGGCTGAAAGAGGATTTCTTAGGGTGGCGCACTCATATGATACTGAACAACAGAGAGATGACTTTCTATCATCAAATGGTGTGATAACAATACCAGCTGGAGAACAAATGACTTTATCTGTACCATATTACTCAAATAAACCACTAAGGGCCGTGAGGCATGAATCAGCACTTGGTTTCTTATTGTGTCAACCACTGCTATCAGGTACAGATAGGACCATTGCAGAAGTTTATATCAGCCTAAGGTGTCCAAACTTTTTCTTTCCAGTGCCAGCACCTAGACCAATTAACACTACGCCAATAGGTTATAGCAATGAAAGCCCATATGGTCAAGAAGAAATGGCAACAATGAAATTGGCATATTTAGATAGAGGTTTTTATAAGCATTATGGCATCATTGTGGGTAACCAGGTTTATCAGTTGGATTCTGATGATATCTTTAAAACTGCTCTAACTGGTAAGGCTAAATTCACCAAGACAAGACTAACTCCAGATTGGGTCATTGAAGAAGAATGCGAACTAGACTATTTTAGGGTAAAATACCTGGAATCATCAGTCAATTCAGAGCATATCTTCTCAGTGGACCATAATTGTGAAACAATTGCAAAGGATATTTTTGGAACCCATACCATTAGTCAACACCAAGCCATTGGTCTAATAGGTACAATTCTTCTGACAGCTGGTTTAATGTCAACCATCAAAACACCAGTCAACGCTACAACTACTAAAGAATTTTTCAATCATGC
SRR7892478,NODE_183_length_758_cov_0.0174,3468,758,4226,Picornaviridae Parechovirus A,82.71768,NC_001897,false,,,,,,,GGCCTTTCCCTGCTAGTGCAGAAATGCACCACTTTCTTCTCCTCTGCTGCGACATAAATACTGGACAGTGATTTGGTTAAGTTCATAGTCAAAATTTTGGTTAGGATCCTGTGTTATATGGTTCTTTACTGCCACAAACCCAATATTTTGACCACAGCTTGTTTGTCAACATTGTTAATAATGGATGTAACATCTTCATCAGTGTTGTCGCCATCTTGCAAGGCACTAATGCAATGTCTTATGGATGGTGATGTTAAAAAATTGGCAGAGGTAGTGGCCGAATCCATGTCTAATACAGATGATGATGAAATTAAGGAACAAATTTGTGATACAGTGAAATACACAAAAACAATCCTTTCTAATCAAGGTCCATTTAAAGGATTCAATGAGGTCTCCACAGCCTTCAGACATATAGATTGGTGGATCCACACATTGTTAAAAATTAAGGATATGGTCCTTAGTGTATTTAAACCAAGCCTAGAAAGTAAAGCTATACAATGGCTAGAAAGAAACAAAGAACATGTGTGTGGAATCCTAGACTATGCTTCTGATATCATTGTAGAGTCAAAGGATCAATCTAAAGTGAAGACACAAGACTTCTACCAGAGATATTCAGACTGCTTAGCCAAATTTAAACCGATTATGGCTATTTGTTTTAGAAGTTGCCACAACAGTATCAGCAACACAGTTTATAGACTCTTTCAGGAATTAGCTAGGATACCAAATAGGATTAGTACTAACAATGATTTGATTAGAAT
SRR7892478,NODE_185_length_751_cov_0.0080,4727,751,5478,Picornaviridae Parechovirus A,84.28761,NC_001897,true,,,,,,,TTACCACCCAGTGTAACTTGTGTTACTGATGGTTGCTCAATTGGGAACACTTTATTTTTGTAATGTAAAGTCAAGTCTTCTTCTTGTTCTAAGTATTTTATTGAGTGCCCATGTAGTATTATTTCATCATGTTGGTAACCTGCACAGTGTGTGAGATGCCCAGTAGTGGAACCAGTAATGTAGGCCATCTGAGAAATGATATGCTCCAGTTGACCATCATATGGTGCCTCATTCTTAAACTCTCTCTGAGAAACTGGGAAAGTTCCCTTTGGTTTGGTTACTGGTAAAGTTGGGTTGTAAGCTCTTTCATCCTTAGAATCTTCTTTCTTGAAAATTTTTGTGACTAATAGAAGTATACTAATGGCACTAGTGACTGCAGAAACAACTGTGAGCCAAGCCTTATTTCTCTCTACAAAACTGAGCATGGATTTAATCTTGTCTGAAAACCAATCTACAACTTCTTTGGATGCCTTAGATACTTTTGAGCCAATCTTGTTGGCAAAACACTTAAACACACTAGGCTTAGGTTCAATAAAAGCCTCCATTTGTTCAATCAAAGTTGACATTTCGATATTGAGATATTCATCAATATATGGTACAGCATCTGGGAAATTATGCTTAATATATGACACAGCATCATCTAAATCATCAAGTGTTTGATTTTCCAACTGTTGTTTCCAGGCATTGTAATTCTTCACCCTTTCATTATAATCAACTGTAATCTTATCTACTAAATCTTTTAATCTTAGTG
SRR7892478,NODE_267_length_626_cov_0.0400,1611,626,2234,Picornaviridae Parechovirus A,90.89457,NC_001897,true,,,,,,,TATTATATGTTAGCCTATTGAGTACTTCTATTTGGAATAGCCCAAGGCTTTTCCCATGAGTTTTCCTCATCCAGGTAGAAAAAGAATATGGTATGGTTAATTCAAAACTATTATCAGTGCCAATGTCACAAATTGTATAAATTGCATTGTCCAATTCTTTCTGGGTGTTGTTTGTAGCATTTGGGAAAAATCCCATCCTCAGTCTACCCCTATTGAAAGTGCTAGCATAGATTGACAATCTCAATATTAGGGAACCTCTGAAATATGAATATGAGTTCATAAACAGATTCAAATTTGGGAATTGATCAATATAAACCATGCTTCTATGCACCATGTTTTGTGGTTCAGTACTTGAGGACCAATTAAAATATCCATATTTGTCAACCCCACTACTAGCTGATGGAGTGTCCTTGTCAGACATAACTGAGAACATCTGTGCAATCTTGATTAAATCCCCAAACCTACTCTTACTACCAGCAGTCCTAGGATCATAGAAAGCTCTTTCCCCAACTAAAGCCACAGACTGAGCTCCTGTGGTGCTTAGGACATTGGCCAAGTTCATAGACCCAGGACCTTCTGCTATGTCCATTTTGTTTCTAGTCCATTTATACTTTGTTGATGCTGTT
