Sample_name	Contig_name	Position	Identifier	Reference_base	Alternative_base	Quality	Filter_status	Total_depth_of_coverage	Allele_frequency	Strand_bias	DoC_forward_ref_allele	DoC_reverse_ref_allele	DoC_forward_non-ref_allele	DoC_reverse_non-ref_allele
SRR7892478_filtered.vcf	NODE_1_length_6878_cov_0.108428	2439	.	T	C	90	PASS	26	0.153846	2	16	6	2	2
SRR7892478_filtered.vcf	NODE_1_length_6878_cov_0.108428	2514	.	T	C	72	PASS	21	0.142857	0	9	9	1	2
SRR7892478_filtered.vcf	NODE_2_length_4850_cov_0.139530	3964	.	T	A	98	PASS	23	0.173913	18	14	5	0	4
SRR7892478_filtered.vcf	NODE_3_length_4845_cov_0.045782	3977	.	G	A	73	PASS	24	0.125	0	5	16	0	3
SRR7892478_filtered.vcf	NODE_4_length_4406_cov_0.065436	711	.	T	C	87	PASS	10	0.3	11	0	7	2	1
SRR7892478_filtered.vcf	NODE_4_length_4406_cov_0.065436	927	.	T	C	85	PASS	10	0.3	0	4	3	1	2
SRR7892478_filtered.vcf	NODE_4_length_4406_cov_0.065436	1032	.	G	A	85	PASS	10	0.3	0	3	4	1	2
SRR7892478_filtered.vcf	NODE_4_length_4406_cov_0.065436	1047	.	A	G	85	PASS	10	0.3	0	3	4	1	2
SRR7892478_filtered.vcf	NODE_4_length_4406_cov_0.065436	2602	.	A	G	73	PASS	21	0.142857	5	10	8	3	0
SRR7892478_filtered.vcf	NODE_4_length_4406_cov_0.065436	2649	.	T	C	80	PASS	12	0.25	2	3	6	0	3
SRR7892478_filtered.vcf	NODE_4_length_4406_cov_0.065436	2676	.	T	A	73	PASS	18	0.166667	2	6	9	0	3
SRR7892478_filtered.vcf	NODE_5_length_4328_cov_0.150440	425	.	C	T	73	PASS	53	0.075472	5	20	29	3	1
SRR7892478_filtered.vcf	NODE_6_length_4286_cov_0.046886	280	.	T	C	81	PASS	13	0.230769	11	7	3	0	3
SRR7892478_filtered.vcf	NODE_7_length_4076_cov_0.129653	2956	.	G	C	84	PASS	12	0.25	2	3	6	0	3
SRR7892478_filtered.vcf	NODE_10_length_3473_cov_0.213389	1870	.	T	C	75	PASS	20	0.15	0	5	12	1	2
SRR7892478_filtered.vcf	NODE_12_length_3387_cov_0.165644	3372	.	G	T	224	PASS	10	0.7	0	0	3	0	7
SRR7892478_filtered.vcf	NODE_12_length_3387_cov_0.165644	3374	.	G	A	84	PASS	10	0.3	0	0	7	0	3
SRR7892478_filtered.vcf	NODE_14_length_3325_cov_55.737336	885	.	A	G	49314	PASS	8616	0.329271	3	2229	3536	1120	1717
SRR7892478_filtered.vcf	NODE_14_length_3325_cov_55.737336	3301	.	T	A	210	PASS	90	0.111111	0	1	70	0	10
SRR7892478_filtered.vcf	NODE_14_length_3325_cov_55.737336	3301	.	T	C	136	PASS	90	0.077778	0	1	70	0	7
SRR7892478_filtered.vcf	NODE_14_length_3325_cov_55.737336	3302	.	T	C	219	PASS	89	0.123596	0	1	73	0	11
SRR7892478_filtered.vcf	NODE_14_length_3325_cov_55.737336	3303	.	T	C	162	PASS	85	0.094118	0	1	74	0	8
SRR7892478_filtered.vcf	NODE_16_length_3169_cov_0.077909	2759	.	A	G	98	PASS	26	0.153846	0	9	13	2	2
SRR7892478_filtered.vcf	NODE_18_length_2868_cov_0.083911	1139	.	A	T	102	PASS	23	0.173913	0	10	9	2	2
SRR7892478_filtered.vcf	NODE_19_length_2753_cov_36.168698	21	.	G	T	647	PASS	1889	0.091583	1	1614	97	165	8
SRR7892478_filtered.vcf	NODE_19_length_2753_cov_36.168698	23	.	C	T	1147	PASS	1966	0.055443	0	1677	113	103	6
SRR7892478_filtered.vcf	NODE_19_length_2753_cov_36.168698	24	.	A	G	1669	PASS	2210	0.061538	8	1834	125	123	13
SRR7892478_filtered.vcf	NODE_19_length_2753_cov_36.168698	2736	.	G	C	5447	PASS	4096	0.114502	39	981	2631	89	380
SRR7892478_filtered.vcf	NODE_19_length_2753_cov_36.168698	2739	.	T	A	49314	PASS	2868	0.141213	13	442	1379	118	287
SRR7892478_filtered.vcf	NODE_19_length_2753_cov_36.168698	2739	.	T	C	11036	PASS	2868	0.217573	8	442	1379	133	491
SRR7892478_filtered.vcf	NODE_19_length_2753_cov_36.168698	2740	.	T	C	1689	PASS	2691	0.062059	0	569	1781	40	127
SRR7892478_filtered.vcf	NODE_21_length_2661_cov_0.126283	2351	.	A	T	74	PASS	24	0.166667	2	7	13	2	2
SRR7892478_filtered.vcf	NODE_22_length_2659_cov_0.045419	472	.	A	G	81	PASS	14	0.214286	0	11	0	3	0
SRR7892478_filtered.vcf	NODE_22_length_2659_cov_0.045419	2649	.	A	G	284	PASS	23	0.521739	3	1	10	0	12
SRR7892478_filtered.vcf	NODE_24_length_2534_cov_0.068135	2185	.	G	A	165	PASS	22	0.318182	1	6	9	4	3
SRR7892478_filtered.vcf	NODE_25_length_2394_cov_0.119100	2131	.	C	G	74	PASS	21	0.142857	0	14	4	2	1
SRR7892478_filtered.vcf	NODE_27_length_2270_cov_0.012133	308	.	G	A	85	PASS	10	0.3	0	4	3	1	2
SRR7892478_filtered.vcf	NODE_27_length_2270_cov_0.012133	532	.	C	T	128	PASS	10	0.5	0	1	4	2	3
SRR7892478_filtered.vcf	NODE_27_length_2270_cov_0.012133	559	.	G	T	154	PASS	10	0.6	3	2	2	1	5
SRR7892478_filtered.vcf	NODE_27_length_2270_cov_0.012133	856	.	G	A	149	PASS	39	0.153846	11	15	18	0	6
SRR7892478_filtered.vcf	NODE_27_length_2270_cov_0.012133	880	.	G	A	247	PASS	43	0.232558	0	15	18	4	6
SRR7892478_filtered.vcf	NODE_27_length_2270_cov_0.012133	905	.	T	A	112	PASS	31	0.193548	11	14	11	6	0
SRR7892478_filtered.vcf	NODE_27_length_2270_cov_0.012133	909	.	G	A	140	PASS	29	0.206897	11	13	10	6	0
SRR7892478_filtered.vcf	NODE_27_length_2270_cov_0.012133	995	.	A	G	224	PASS	36	0.25	3	11	16	5	4
SRR7892478_filtered.vcf	NODE_27_length_2270_cov_0.012133	1014	.	G	A	178	PASS	37	0.216216	0	9	20	3	5
SRR7892478_filtered.vcf	NODE_27_length_2270_cov_0.012133	1016	.	G	T	189	PASS	37	0.216216	0	9	20	3	5
SRR7892478_filtered.vcf	NODE_27_length_2270_cov_0.012133	1028	.	C	A	151	PASS	32	0.21875	1	10	15	2	5
SRR7892478_filtered.vcf	NODE_27_length_2270_cov_0.012133	1029	.	A	C	147	PASS	32	0.21875	1	10	15	2	5
SRR7892478_filtered.vcf	NODE_27_length_2270_cov_0.012133	1034	.	T	G	103	PASS	31	0.193548	4	10	15	1	5
SRR7892478_filtered.vcf	NODE_27_length_2270_cov_0.012133	1035	.	G	T	125	PASS	31	0.193548	4	10	15	1	5
SRR7892478_filtered.vcf	NODE_27_length_2270_cov_0.012133	1143	.	G	A	116	PASS	11	0.363636	2	2	5	2	2
SRR7892478_filtered.vcf	NODE_27_length_2270_cov_0.012133	1166	.	C	T	173	PASS	13	0.538462	5	1	5	4	3
SRR7892478_filtered.vcf	NODE_27_length_2270_cov_0.012133	1262	.	T	C	87	PASS	10	0.3	0	2	5	1	2
SRR7892478_filtered.vcf	NODE_29_length_2110_cov_0.067574	728	.	T	C	75	PASS	16	0.1875	2	4	9	2	1
SRR7892478_filtered.vcf	NODE_29_length_2110_cov_0.067574	741	.	G	T	77	PASS	14	0.214286	0	5	6	2	1
SRR7892478_filtered.vcf	NODE_29_length_2110_cov_0.067574	749	.	G	A	81	PASS	12	0.25	0	6	3	2	1
SRR7892478_filtered.vcf	NODE_29_length_2110_cov_0.067574	803	.	G	A	75	PASS	20	0.15	2	6	11	2	1
SRR7892478_filtered.vcf	NODE_29_length_2110_cov_0.067574	962	.	T	C	99	PASS	28	0.142857	2	12	12	1	3
SRR7892478_filtered.vcf	NODE_29_length_2110_cov_0.067574	1114	.	C	T	89	PASS	29	0.137931	0	11	14	2	2
SRR7892478_filtered.vcf	NODE_29_length_2110_cov_0.067574	1115	.	T	C	85	PASS	28	0.142857	0	10	14	2	2
SRR7892478_filtered.vcf	NODE_29_length_2110_cov_0.067574	1118	.	T	C	72	PASS	29	0.137931	0	11	14	2	2
SRR7892478_filtered.vcf	NODE_29_length_2110_cov_0.067574	1121	.	C	T	96	PASS	30	0.133333	0	11	15	2	2
SRR7892478_filtered.vcf	NODE_29_length_2110_cov_0.067574	1124	.	T	A	130	PASS	32	0.1875	4	11	15	4	2
SRR7892478_filtered.vcf	NODE_29_length_2110_cov_0.067574	1148	.	G	A	158	PASS	36	0.194444	6	12	17	5	2
SRR7892478_filtered.vcf	NODE_29_length_2110_cov_0.067574	1184	.	C	T	109	PASS	38	0.131579	7	14	19	4	1
SRR7892478_filtered.vcf	NODE_39_length_1890_cov_0.056154	1648	.	G	A	82	PASS	10	0.3	7	2	5	3	0
SRR7892478_filtered.vcf	NODE_41_length_1886_cov_0.442865	1635	.	A	G	93	PASS	74	0.067568	4	36	33	4	1
SRR7892478_filtered.vcf	NODE_44_length_1831_cov_4.426056	558	.	G	T	1723	PASS	2041	0.052915	6	1204	728	74	34
SRR7892478_filtered.vcf	NODE_44_length_1831_cov_4.426056	643	.	T	C	1848	PASS	2204	0.0549	0	995	1088	57	64
SRR7892478_filtered.vcf	NODE_44_length_1831_cov_4.426056	668	.	A	G	1739	PASS	2260	0.05708	4	933	1195	62	67
SRR7892478_filtered.vcf	NODE_44_length_1831_cov_4.426056	710	.	C	T	1587	PASS	1468	0.064714	0	665	708	47	48
SRR7892478_filtered.vcf	NODE_44_length_1831_cov_4.426056	717	.	C	A	1636	PASS	1384	0.068642	1	609	676	47	48
SRR7892478_filtered.vcf	NODE_44_length_1831_cov_4.426056	757	.	G	A	1450	PASS	1425	0.061754	14	498	838	43	45
SRR7892478_filtered.vcf	NODE_44_length_1831_cov_4.426056	786	.	T	G	1678	PASS	1381	0.075308	4	463	810	43	61
SRR7892478_filtered.vcf	NODE_44_length_1831_cov_4.426056	957	.	T	A	1576	PASS	1479	0.06288	53	974	409	43	50
SRR7892478_filtered.vcf	NODE_44_length_1831_cov_4.426056	990	.	G	A	1957	PASS	1913	0.062729	0	1207	585	81	39
SRR7892478_filtered.vcf	NODE_44_length_1831_cov_4.426056	1049	.	T	A	1770	PASS	1960	0.059694	4	757	1086	53	64
SRR7892478_filtered.vcf	NODE_44_length_1831_cov_4.426056	1134	.	G	A	1232	PASS	1262	0.05626	20	475	716	40	31
SRR7892478_filtered.vcf	NODE_44_length_1831_cov_4.426056	1146	.	T	C	1137	PASS	1259	0.0556	12	452	737	35	35
SRR7892478_filtered.vcf	NODE_44_length_1831_cov_4.426056	1212	.	A	T	187	PASS	428	0.051402	4	145	260	10	12
SRR7892478_filtered.vcf	NODE_44_length_1831_cov_4.426056	1323	.	G	A	1050	PASS	525	0.099048	2	250	221	30	22
SRR7892478_filtered.vcf	NODE_44_length_1831_cov_4.426056	1707	.	G	A	538	PASS	322	0.086957	0	81	213	7	21
SRR7892478_filtered.vcf	NODE_44_length_1831_cov_4.426056	1711	.	T	A	382	PASS	293	0.081911	4	97	172	6	18
SRR7892478_filtered.vcf	NODE_44_length_1831_cov_4.426056	1723	.	A	C	331	PASS	308	0.074675	0	95	190	8	15
SRR7892478_filtered.vcf	NODE_44_length_1831_cov_4.426056	1738	.	T	C	133	PASS	359	0.066852	2	83	251	7	17
SRR7892478_filtered.vcf	NODE_45_length_1788_cov_0.373269	603	.	C	A	155	PASS	46	0.152174	0	34	5	7	0
SRR7892478_filtered.vcf	NODE_45_length_1788_cov_0.373269	1153	.	A	G	101	PASS	46	0.108696	1	25	16	2	3
SRR7892478_filtered.vcf	NODE_47_length_1773_cov_0.241798	1289	.	G	A	81	PASS	47	0.085106	2	15	28	2	2
SRR7892478_filtered.vcf	NODE_48_length_1766_cov_0.150702	1433	.	T	C	79	PASS	62	0.064516	7	47	11	2	2
SRR7892478_filtered.vcf	NODE_51_length_1683_cov_0.055270	1112	.	A	G	101	PASS	16	0.25	6	6	6	4	0
SRR7892478_filtered.vcf	NODE_51_length_1683_cov_0.055270	1118	.	G	A	91	PASS	16	0.25	6	6	6	4	0
SRR7892478_filtered.vcf	NODE_51_length_1683_cov_0.055270	1130	.	T	C	135	PASS	16	0.3125	2	5	5	4	1
SRR7892478_filtered.vcf	NODE_51_length_1683_cov_0.055270	1133	.	C	T	134	PASS	18	0.277778	2	7	6	4	1
SRR7892478_filtered.vcf	NODE_51_length_1683_cov_0.055270	1145	.	A	G	136	PASS	15	0.333333	2	5	5	4	1
SRR7892478_filtered.vcf	NODE_52_length_1680_cov_0.448165	214	.	G	A	80	PASS	73	0.068493	1	24	44	1	4
SRR7892478_filtered.vcf	NODE_52_length_1680_cov_0.448165	298	.	T	C	81	PASS	68	0.058824	5	38	26	4	0
SRR7892478_filtered.vcf	NODE_52_length_1680_cov_0.448165	943	.	T	C	87	PASS	22	0.181818	0	10	8	2	2
SRR7892478_filtered.vcf	NODE_55_length_1667_cov_0.002597	216	.	T	C	253	PASS	23	0.434783	0	10	3	7	3
SRR7892478_filtered.vcf	NODE_55_length_1667_cov_0.002597	323	.	A	T	291	PASS	30	0.4	9	9	9	10	2
SRR7892478_filtered.vcf	NODE_55_length_1667_cov_0.002597	372	.	C	T	80	PASS	12	0.25	2	3	6	2	1
SRR7892478_filtered.vcf	NODE_55_length_1667_cov_0.002597	374	.	T	C	85	PASS	10	0.3	0	3	4	2	1
SRR7892478_filtered.vcf	NODE_55_length_1667_cov_0.002597	387	.	T	C	84	PASS	12	0.25	0	4	5	1	2
SRR7892478_filtered.vcf	NODE_55_length_1667_cov_0.002597	404	.	C	T	74	PASS	21	0.142857	2	11	7	1	2
SRR7892478_filtered.vcf	NODE_55_length_1667_cov_0.002597	468	.	A	G	259	PASS	25	0.4	14	12	3	3	7
SRR7892478_filtered.vcf	NODE_55_length_1667_cov_0.002597	598	.	G	C	244	PASS	22	0.409091	10	7	4	2	7
SRR7892478_filtered.vcf	NODE_55_length_1667_cov_0.002597	619	.	T	A	227	PASS	24	0.333333	4	8	7	2	6
SRR7892478_filtered.vcf	NODE_55_length_1667_cov_0.002597	1573	.	T	A	283	PASS	24	0.458333	8	1	12	4	7
SRR7892478_filtered.vcf	NODE_55_length_1667_cov_0.002597	1609	.	T	A	327	PASS	23	0.478261	0	2	10	2	9
SRR7892478_filtered.vcf	NODE_55_length_1667_cov_0.002597	1610	.	A	G	332	PASS	23	0.478261	0	2	10	2	9
SRR7892478_filtered.vcf	NODE_57_length_1648_cov_0.069691	882	.	T	A	89	PASS	31	0.129032	0	10	17	1	3
SRR7892478_filtered.vcf	NODE_59_length_1618_cov_4.105298	129	.	T	C	2106	PASS	152	0.5	0	46	30	44	32
SRR7892478_filtered.vcf	NODE_59_length_1618_cov_4.105298	330	.	A	C	237	PASS	85	0.129412	9	42	32	3	8
SRR7892478_filtered.vcf	NODE_59_length_1618_cov_4.105298	839	.	C	A	19177	PASS	1621	0.430598	23	441	465	390	308
SRR7892478_filtered.vcf	NODE_59_length_1618_cov_4.105298	854	.	C	T	18195	PASS	1780	0.376404	80	614	495	463	207
SRR7892478_filtered.vcf	NODE_59_length_1618_cov_4.105298	855	.	T	A	17892	PASS	1770	0.378531	78	606	486	463	207
SRR7892478_filtered.vcf	NODE_59_length_1618_cov_4.105298	879	.	G	A	17879	PASS	1856	0.366379	199	687	489	539	141
SRR7892478_filtered.vcf	NODE_59_length_1618_cov_4.105298	887	.	A	G	13965	PASS	1762	0.322928	242	682	507	465	104
SRR7892478_filtered.vcf	NODE_59_length_1618_cov_4.105298	888	.	C	T	14427	PASS	1763	0.31764	246	686	516	458	102
SRR7892478_filtered.vcf	NODE_59_length_1618_cov_4.105298	1245	.	T	G	4685	PASS	3094	0.088235	18	586	2222	40	233
SRR7892478_filtered.vcf	NODE_59_length_1618_cov_4.105298	1340	.	T	A	826	PASS	889	0.067492	11	134	640	5	55
SRR7892478_filtered.vcf	NODE_59_length_1618_cov_4.105298	1340	.	T	C	584	PASS	889	0.052868	24	134	640	1	46
SRR7892478_filtered.vcf	NODE_60_length_1612_cov_0.015488	626	.	G	A	130	PASS	17	0.294118	8	4	8	4	1
SRR7892478_filtered.vcf	NODE_60_length_1612_cov_0.015488	662	.	T	C	104	PASS	20	0.2	5	6	10	3	1
SRR7892478_filtered.vcf	NODE_60_length_1612_cov_0.015488	663	.	G	A	76	PASS	20	0.15	2	7	10	2	1
SRR7892478_filtered.vcf	NODE_60_length_1612_cov_0.015488	664	.	T	C	103	PASS	20	0.2	2	8	8	1	3
SRR7892478_filtered.vcf	NODE_60_length_1612_cov_0.015488	701	.	A	G	188	PASS	28	0.25	3	8	13	4	3
SRR7892478_filtered.vcf	NODE_60_length_1612_cov_0.015488	703	.	C	T	79	PASS	28	0.142857	0	11	11	2	2
SRR7892478_filtered.vcf	NODE_60_length_1612_cov_0.015488	769	.	A	T	97	PASS	21	0.190476	2	11	6	2	2
SRR7892478_filtered.vcf	NODE_60_length_1612_cov_0.015488	857	.	A	C	338	PASS	16	0.6875	2	3	2	4	7
SRR7892478_filtered.vcf	NODE_60_length_1612_cov_0.015488	879	.	G	A	279	PASS	17	0.529412	1	5	3	4	5
SRR7892478_filtered.vcf	NODE_60_length_1612_cov_0.015488	1010	.	G	T	83	PASS	13	0.230769	0	5	5	2	1
SRR7892478_filtered.vcf	NODE_60_length_1612_cov_0.015488	1012	.	T	C	80	PASS	13	0.230769	0	5	5	2	1
SRR7892478_filtered.vcf	NODE_60_length_1612_cov_0.015488	1039	.	C	G	72	PASS	24	0.125	2	8	13	2	1
SRR7892478_filtered.vcf	NODE_60_length_1612_cov_0.015488	1103	.	T	C	202	PASS	24	0.333333	1	6	10	2	6
SRR7892478_filtered.vcf	NODE_60_length_1612_cov_0.015488	1216	.	C	T	97	PASS	13	0.307692	0	3	6	1	3
SRR7892478_filtered.vcf	NODE_60_length_1612_cov_0.015488	1240	.	T	C	176	PASS	12	0.5	0	2	4	1	5
SRR7892478_filtered.vcf	NODE_60_length_1612_cov_0.015488	1254	.	A	G	148	PASS	12	0.416667	0	2	5	1	4
SRR7892478_filtered.vcf	NODE_61_length_1609_cov_93.253711	19	.	C	T	1670	PASS	1928	0.06639	4	1606	111	117	11
SRR7892478_filtered.vcf	NODE_61_length_1609_cov_93.253711	27	.	A	G	2553	PASS	2194	0.080675	4	1835	171	158	19
SRR7892478_filtered.vcf	NODE_61_length_1609_cov_93.253711	1576	.	T	C	10502	PASS	9706	0.072429	23	465	8165	21	682
SRR7892478_filtered.vcf	NODE_61_length_1609_cov_93.253711	1579	.	G	A	8778	PASS	7373	0.072698	22	344	6207	14	522
SRR7892478_filtered.vcf	NODE_61_length_1609_cov_93.253711	1603	.	A	C	74	PASS	11	0.727273	0	0	3	0	8
SRR7892478_filtered.vcf	NODE_64_length_1579_cov_0.115014	416	.	A	G	72	PASS	74	0.054054	2	44	26	2	2
SRR7892478_filtered.vcf	NODE_67_length_1539_cov_43.048159	120	.	A	G	184	PASS	152	0.092105	0	131	7	14	0
SRR7892478_filtered.vcf	NODE_67_length_1539_cov_43.048159	126	.	A	G	197	PASS	215	0.060465	0	185	10	13	0
SRR7892478_filtered.vcf	NODE_67_length_1539_cov_43.048159	1535	.	C	T	128	PASS	275	0.174545	0	5	166	1	47
SRR7892478_filtered.vcf	NODE_70_length_1505_cov_0.114659	156	.	A	G	96	PASS	28	0.142857	0	10	14	2	2
SRR7892478_filtered.vcf	NODE_71_length_1502_cov_1.000000	466	.	G	A	1855	PASS	223	0.32287	1	74	77	37	35
SRR7892478_filtered.vcf	NODE_71_length_1502_cov_1.000000	715	.	G	A	451	PASS	373	0.072386	0	158	186	13	14
SRR7892478_filtered.vcf	NODE_71_length_1502_cov_1.000000	961	.	G	A	628	PASS	465	0.075269	0	303	126	24	11
SRR7892478_filtered.vcf	NODE_71_length_1502_cov_1.000000	997	.	A	G	5973	PASS	496	0.445565	3	154	121	132	89
SRR7892478_filtered.vcf	NODE_71_length_1502_cov_1.000000	1137	.	A	G	24261	PASS	2436	0.383415	0	1167	333	726	208
SRR7892478_filtered.vcf	NODE_71_length_1502_cov_1.000000	1164	.	T	A	28546	PASS	3073	0.358282	18	1582	380	847	254
SRR7892478_filtered.vcf	NODE_71_length_1502_cov_1.000000	1360	.	T	A	8634	PASS	779	0.42362	4	114	327	96	234
SRR7892478_filtered.vcf	NODE_73_length_1461_cov_2.534483	2	.	T	C	1380	PASS	68	0.823529	0	11	0	55	1
SRR7892478_filtered.vcf	NODE_73_length_1461_cov_2.534483	259	.	G	A	851	PASS	316	0.126582	8	148	128	16	24
SRR7892478_filtered.vcf	NODE_73_length_1461_cov_2.534483	282	.	T	C	441	PASS	264	0.109848	0	89	145	10	19
SRR7892478_filtered.vcf	NODE_73_length_1461_cov_2.534483	288	.	T	A	387	PASS	251	0.115538	0	81	141	10	19
SRR7892478_filtered.vcf	NODE_73_length_1461_cov_2.534483	294	.	C	T	522	PASS	248	0.108871	0	74	146	9	18
SRR7892478_filtered.vcf	NODE_73_length_1461_cov_2.534483	333	.	G	T	365	PASS	279	0.075269	0	105	153	8	13
SRR7892478_filtered.vcf	NODE_73_length_1461_cov_2.534483	510	.	T	C	536	PASS	630	0.053968	0	396	199	22	12
SRR7892478_filtered.vcf	NODE_73_length_1461_cov_2.534483	898	.	G	T	457	PASS	532	0.054511	19	298	204	24	5
SRR7892478_filtered.vcf	NODE_73_length_1461_cov_2.534483	920	.	G	T	785	PASS	675	0.071111	12	395	229	37	11
SRR7892478_filtered.vcf	NODE_73_length_1461_cov_2.534483	978	.	A	C	1953	PASS	1447	0.079475	16	764	560	79	36
SRR7892478_filtered.vcf	NODE_73_length_1461_cov_2.534483	1222	.	A	G	877	PASS	727	0.075653	5	130	540	14	41
SRR7892478_filtered.vcf	NODE_73_length_1461_cov_2.534483	1233	.	G	C	929	PASS	689	0.075472	7	142	495	16	36
SRR7892478_filtered.vcf	NODE_73_length_1461_cov_2.534483	1442	.	C	T	444	PASS	27	0.666667	4	1	8	0	18
SRR7892478_filtered.vcf	NODE_75_length_1451_cov_0.163142	601	.	T	C	76	PASS	16	0.1875	21	12	1	0	3
SRR7892478_filtered.vcf	NODE_79_length_1365_cov_61.571890	25	.	C	T	77	PASS	124	0.056452	4	108	6	6	1
SRR7892478_filtered.vcf	NODE_79_length_1365_cov_61.571890	28	.	C	T	136	PASS	179	0.067039	10	159	6	10	2
SRR7892478_filtered.vcf	NODE_79_length_1365_cov_61.571890	1348	.	T	A	49314	PASS	3392	0.104068	0	51	2200	8	345
SRR7892478_filtered.vcf	NODE_79_length_1365_cov_61.571890	1348	.	T	C	6702	PASS	3392	0.154186	1	51	2200	10	513
SRR7892478_filtered.vcf	NODE_81_length_1350_cov_0.125102	510	.	A	G	82	PASS	34	0.117647	2	9	21	2	2
SRR7892478_filtered.vcf	NODE_81_length_1350_cov_0.125102	525	.	A	T	94	PASS	32	0.125	5	6	22	2	2
SRR7892478_filtered.vcf	NODE_85_length_1305_cov_0.206282	951	.	A	G	102	PASS	42	0.119048	0	9	28	1	4
SRR7892478_filtered.vcf	NODE_93_length_1245_cov_37.978533	1241	.	T	C	1040	PASS	63	0.984127	0	0	1	6	56
SRR7892478_filtered.vcf	NODE_94_length_1240_cov_3.806828	288	.	A	G	1702	PASS	1833	0.060011	0	1235	484	78	32
SRR7892478_filtered.vcf	NODE_94_length_1240_cov_3.806828	295	.	T	C	1554	PASS	1924	0.065489	2	1248	543	85	41
SRR7892478_filtered.vcf	NODE_94_length_1240_cov_3.806828	302	.	A	T	2228	PASS	1990	0.072864	5	1252	588	105	40
SRR7892478_filtered.vcf	NODE_95_length_1203_cov_0.149628	607	.	T	C	73	PASS	19	0.157895	8	13	3	1	2
SRR7892478_filtered.vcf	NODE_95_length_1203_cov_0.149628	609	.	A	G	96	PASS	22	0.181818	2	13	5	4	0
SRR7892478_filtered.vcf	NODE_95_length_1203_cov_0.149628	614	.	C	T	102	PASS	24	0.166667	2	14	6	4	0
SRR7892478_filtered.vcf	NODE_95_length_1203_cov_0.149628	945	.	A	G	75	PASS	52	0.076923	2	22	26	1	3
SRR7892478_filtered.vcf	NODE_96_length_1194_cov_0.288660	1179	.	T	A	96	PASS	90	0.055556	4	6	78	1	4
SRR7892478_filtered.vcf	NODE_97_length_1193_cov_31.234522	29	.	A	G	131	PASS	111	0.072072	3	89	7	7	1
SRR7892478_filtered.vcf	NODE_97_length_1193_cov_31.234522	32	.	A	G	87	PASS	165	0.060606	2	143	12	9	1
SRR7892478_filtered.vcf	NODE_97_length_1193_cov_31.234522	40	.	A	T	869	PASS	522	0.091954	4	434	33	47	1
SRR7892478_filtered.vcf	NODE_97_length_1193_cov_31.234522	41	.	A	G	2561	PASS	664	0.240964	5	467	37	153	7
SRR7892478_filtered.vcf	NODE_97_length_1193_cov_31.234522	48	.	A	G	3802	PASS	2106	0.105413	0	1530	106	209	13
SRR7892478_filtered.vcf	NODE_97_length_1193_cov_31.234522	48	.	A	T	2710	PASS	2106	0.083096	0	1530	106	165	10
SRR7892478_filtered.vcf	NODE_97_length_1193_cov_31.234522	1190	.	G	A	13679	PASS	468	0.982906	0	0	7	0	460
SRR7892478_filtered.vcf	NODE_102_length_1140_cov_0.117473	143	.	C	A	570	PASS	60	0.35	1	24	15	12	9
SRR7892478_filtered.vcf	NODE_102_length_1140_cov_0.117473	168	.	T	C	553	PASS	59	0.372881	0	23	14	14	8
SRR7892478_filtered.vcf	NODE_102_length_1140_cov_0.117473	170	.	C	A	576	PASS	58	0.362069	0	23	14	13	8
SRR7892478_filtered.vcf	NODE_102_length_1140_cov_0.117473	176	.	A	G	654	PASS	63	0.396825	2	23	15	17	8
SRR7892478_filtered.vcf	NODE_102_length_1140_cov_0.117473	251	.	C	T	869	PASS	66	0.484848	0	21	13	21	11
SRR7892478_filtered.vcf	NODE_102_length_1140_cov_0.117473	345	.	C	A	3220	PASS	179	0.597765	2	51	21	80	27
SRR7892478_filtered.vcf	NODE_102_length_1140_cov_0.117473	465	.	A	G	255	PASS	172	0.087209	6	41	116	6	9
SRR7892478_filtered.vcf	NODE_102_length_1140_cov_0.117473	466	.	G	A	229	PASS	172	0.081395	2	41	117	5	9
SRR7892478_filtered.vcf	NODE_102_length_1140_cov_0.117473	475	.	A	G	2111	PASS	169	0.455621	0	23	69	20	57
SRR7892478_filtered.vcf	NODE_102_length_1140_cov_0.117473	487	.	A	T	2128	PASS	171	0.45614	1	24	68	23	55
SRR7892478_filtered.vcf	NODE_102_length_1140_cov_0.117473	535	.	G	C	879	PASS	129	0.286822	14	37	55	23	14
SRR7892478_filtered.vcf	NODE_102_length_1140_cov_0.117473	541	.	T	C	1602	PASS	138	0.456522	32	29	45	44	19
SRR7892478_filtered.vcf	NODE_102_length_1140_cov_0.117473	628	.	G	A	326	PASS	112	0.133929	5	49	46	5	10
SRR7892478_filtered.vcf	NODE_102_length_1140_cov_0.117473	631	.	G	C	383	PASS	112	0.151786	2	47	48	7	10
SRR7892478_filtered.vcf	NODE_102_length_1140_cov_0.117473	661	.	A	T	501	PASS	93	0.225806	0	27	45	8	13
SRR7892478_filtered.vcf	NODE_102_length_1140_cov_0.117473	724	.	A	G	599	PASS	90	0.288889	1	15	48	5	21
SRR7892478_filtered.vcf	NODE_102_length_1140_cov_0.117473	841	.	T	C	800	PASS	72	0.402778	1	32	11	20	9
SRR7892478_filtered.vcf	NODE_102_length_1140_cov_0.117473	859	.	C	T	900	PASS	101	0.366337	3	50	14	26	11
SRR7892478_filtered.vcf	NODE_102_length_1140_cov_0.117473	883	.	G	A	2908	PASS	158	0.613924	0	48	13	78	19
SRR7892478_filtered.vcf	NODE_102_length_1140_cov_0.117473	889	.	C	A	2675	PASS	171	0.549708	0	62	15	75	19
SRR7892478_filtered.vcf	NODE_102_length_1140_cov_0.117473	943	.	C	T	2309	PASS	195	0.430769	14	87	24	54	30
SRR7892478_filtered.vcf	NODE_102_length_1140_cov_0.117473	1027	.	A	C	877	PASS	175	0.314286	0	15	105	7	48
SRR7892478_filtered.vcf	NODE_102_length_1140_cov_0.117473	1033	.	C	T	539	PASS	157	0.267516	3	15	99	3	39
SRR7892478_filtered.vcf	NODE_102_length_1140_cov_0.117473	1036	.	A	C	621	PASS	163	0.276074	7	16	102	2	43
SRR7892478_filtered.vcf	NODE_109_length_1077_cov_32.128421	18	.	G	T	42895	PASS	1447	0.963372	2	40	3	1319	75
SRR7892478_filtered.vcf	NODE_109_length_1077_cov_32.128421	1041	.	T	A	291	PASS	689	0.055152	0	20	568	1	37
SRR7892478_filtered.vcf	NODE_109_length_1077_cov_32.128421	1042	.	T	C	590	PASS	645	0.063566	0	17	511	1	40
SRR7892478_filtered.vcf	NODE_109_length_1077_cov_32.128421	1047	.	G	A	218	PASS	586	0.080205	2	14	503	0	47
SRR7892478_filtered.vcf	NODE_114_length_1041_cov_10.656455	16	.	A	G	337	PASS	158	0.120253	0	131	3	19	0
SRR7892478_filtered.vcf	NODE_114_length_1041_cov_10.656455	20	.	A	G	378	PASS	204	0.098039	0	173	4	20	0
SRR7892478_filtered.vcf	NODE_114_length_1041_cov_10.656455	946	.	T	C	11045	PASS	3726	0.149758	17	1402	1765	278	280
SRR7892478_filtered.vcf	NODE_119_length_1026_cov_0.239155	117	.	C	T	1096	PASS	71	0.535211	0	20	13	21	17
SRR7892478_filtered.vcf	NODE_119_length_1026_cov_0.239155	246	.	A	G	74	PASS	66	0.060606	6	13	49	2	2
SRR7892478_filtered.vcf	NODE_119_length_1026_cov_0.239155	267	.	A	G	83	PASS	65	0.061538	5	16	45	2	2
SRR7892478_filtered.vcf	NODE_119_length_1026_cov_0.239155	285	.	C	T	785	PASS	71	0.394366	5	17	26	7	21
SRR7892478_filtered.vcf	NODE_119_length_1026_cov_0.239155	609	.	T	A	236	PASS	105	0.114286	6	28	64	6	6
SRR7892478_filtered.vcf	NODE_119_length_1026_cov_0.239155	759	.	T	C	2262	PASS	160	0.50625	8	29	48	40	41
SRR7892478_filtered.vcf	NODE_119_length_1026_cov_0.239155	765	.	T	C	1730	PASS	139	0.482014	3	28	44	30	37
SRR7892478_filtered.vcf	NODE_119_length_1026_cov_0.239155	786	.	C	T	1244	PASS	107	0.420561	12	28	34	29	16
SRR7892478_filtered.vcf	NODE_119_length_1026_cov_0.239155	801	.	C	T	137	PASS	94	0.074468	3	40	47	2	5
SRR7892478_filtered.vcf	NODE_119_length_1026_cov_0.239155	858	.	T	C	783	PASS	93	0.333333	9	31	31	21	10
SRR7892478_filtered.vcf	NODE_119_length_1026_cov_0.239155	864	.	G	A	1123	PASS	93	0.451613	17	25	24	32	10
SRR7892478_filtered.vcf	NODE_119_length_1026_cov_0.239155	891	.	C	T	1141	PASS	96	0.427083	6	31	24	29	12
SRR7892478_filtered.vcf	NODE_119_length_1026_cov_0.239155	927	.	A	G	989	PASS	94	0.425532	8	22	32	23	17
SRR7892478_filtered.vcf	NODE_121_length_1022_cov_0.061453	908	.	T	G	580	PASS	57	0.403509	3	11	23	10	13
SRR7892478_filtered.vcf	NODE_121_length_1022_cov_0.061453	917	.	C	T	661	PASS	60	0.416667	1	11	24	9	16
SRR7892478_filtered.vcf	NODE_138_length_950_cov_22.855407	13	.	T	C	154	PASS	20	0.45	0	10	0	9	0
SRR7892478_filtered.vcf	NODE_138_length_950_cov_22.855407	632	.	A	C	33359	PASS	7210	0.211096	62	2761	2908	851	671
SRR7892478_filtered.vcf	NODE_139_length_950_cov_1.003645	400	.	T	A	211	PASS	68	0.147059	5	27	25	3	7
SRR7892478_filtered.vcf	NODE_139_length_950_cov_1.003645	400	.	T	C	114	PASS	68	0.088235	7	27	25	1	5
SRR7892478_filtered.vcf	NODE_142_length_925_cov_0.385965	8	.	T	C	139	PASS	12	0.5	0	5	0	5	1
SRR7892478_filtered.vcf	NODE_142_length_925_cov_0.385965	11	.	G	C	427	PASS	31	0.741935	0	6	0	20	3
SRR7892478_filtered.vcf	NODE_142_length_925_cov_0.385965	125	.	T	C	16108	PASS	1283	0.463757	2	400	288	337	258
SRR7892478_filtered.vcf	NODE_142_length_925_cov_0.385965	230	.	C	A	10115	PASS	890	0.414607	16	177	342	99	270
SRR7892478_filtered.vcf	NODE_142_length_925_cov_0.385965	252	.	G	A	6130	PASS	582	0.391753	48	120	234	119	109
SRR7892478_filtered.vcf	NODE_142_length_925_cov_0.385965	255	.	A	T	5737	PASS	576	0.392361	52	115	234	118	108
SRR7892478_filtered.vcf	NODE_142_length_925_cov_0.385965	314	.	A	G	3087	PASS	341	0.369501	20	99	116	77	49
SRR7892478_filtered.vcf	NODE_142_length_925_cov_0.385965	354	.	C	T	2912	PASS	260	0.419231	2	47	102	39	70
SRR7892478_filtered.vcf	NODE_142_length_925_cov_0.385965	386	.	G	A	2058	PASS	181	0.40884	20	18	87	26	48
SRR7892478_filtered.vcf	NODE_142_length_925_cov_0.385965	594	.	G	C	147	PASS	138	0.057971	8	69	61	2	6
SRR7892478_filtered.vcf	NODE_143_length_922_cov_2.357233	4	.	G	T	688	PASS	36	0.777778	2	8	0	24	4
SRR7892478_filtered.vcf	NODE_143_length_922_cov_2.357233	367	.	G	T	378	PASS	309	0.07767	0	130	153	11	13
SRR7892478_filtered.vcf	NODE_143_length_922_cov_2.357233	425	.	T	A	334	PASS	311	0.073955	1	119	169	11	12
SRR7892478_filtered.vcf	NODE_143_length_922_cov_2.357233	491	.	G	A	310	PASS	328	0.054878	0	149	161	8	10
SRR7892478_filtered.vcf	NODE_145_length_911_cov_2.330357	10	.	A	C	848	PASS	50	0.9	12	2	1	45	0
SRR7892478_filtered.vcf	NODE_145_length_911_cov_2.330357	136	.	A	T	714	PASS	853	0.060961	12	559	240	43	9
SRR7892478_filtered.vcf	NODE_145_length_911_cov_2.330357	223	.	C	T	1849	PASS	1238	0.083199	6	414	719	44	59
SRR7892478_filtered.vcf	NODE_145_length_911_cov_2.330357	690	.	T	C	783	PASS	740	0.066216	11	284	404	27	22
SRR7892478_filtered.vcf	NODE_147_length_903_cov_0.378866	139	.	T	C	112	PASS	95	0.073684	8	47	41	6	1
SRR7892478_filtered.vcf	NODE_150_length_891_cov_0.036649	446	.	A	T	95	PASS	31	0.129032	0	16	11	2	2
SRR7892478_filtered.vcf	NODE_151_length_885_cov_0.849604	14	.	T	G	1430	PASS	115	0.982609	0	2	0	101	12
SRR7892478_filtered.vcf	NODE_153_length_875_cov_0.017380	552	.	C	A	234	PASS	19	0.421053	1	7	4	4	4
SRR7892478_filtered.vcf	NODE_153_length_875_cov_0.017380	724	.	T	C	80	PASS	16	0.1875	0	8	5	2	1
SRR7892478_filtered.vcf	NODE_153_length_875_cov_0.017380	740	.	A	C	127	PASS	20	0.25	2	8	7	4	1
SRR7892478_filtered.vcf	NODE_162_length_836_cov_3.081805	296	.	C	T	137	PASS	131	0.061069	13	77	46	8	0
SRR7892478_filtered.vcf	NODE_162_length_836_cov_3.081805	407	.	T	G	562	PASS	1105	0.055204	1	824	218	47	14
SRR7892478_filtered.vcf	NODE_162_length_836_cov_3.081805	428	.	T	G	907	PASS	2514	0.050119	14	2036	337	99	27
SRR7892478_filtered.vcf	NODE_162_length_836_cov_3.081805	449	.	C	T	6122	PASS	3920	0.082143	0	3069	528	274	48
SRR7892478_filtered.vcf	NODE_162_length_836_cov_3.081805	461	.	G	A	14020	PASS	4624	0.138841	33	3291	687	566	76
SRR7892478_filtered.vcf	NODE_162_length_836_cov_3.081805	745	.	T	C	1640	PASS	2618	0.05615	0	355	2093	22	125
SRR7892478_filtered.vcf	NODE_164_length_833_cov_0.137394	523	.	T	C	76	PASS	19	0.157895	0	2	14	0	3
SRR7892478_filtered.vcf	NODE_168_length_815_cov_2.219477	555	.	G	A	385	PASS	538	0.050186	2	270	238	16	11
SRR7892478_filtered.vcf	NODE_169_length_815_cov_0.018895	238	.	A	G	82	PASS	10	0.3	3	5	2	1	2
SRR7892478_filtered.vcf	NODE_171_length_796_cov_0.000000	380	.	G	A	89	PASS	10	0.4	0	4	2	2	2
SRR7892478_filtered.vcf	NODE_171_length_796_cov_0.000000	398	.	G	T	145	PASS	15	0.333333	2	6	4	2	3
SRR7892478_filtered.vcf	NODE_171_length_796_cov_0.000000	407	.	G	A	178	PASS	15	0.4	5	6	3	2	4
SRR7892478_filtered.vcf	NODE_171_length_796_cov_0.000000	452	.	T	C	107	PASS	15	0.266667	2	6	5	3	1
SRR7892478_filtered.vcf	NODE_171_length_796_cov_0.000000	455	.	A	T	104	PASS	15	0.266667	0	7	4	2	2
SRR7892478_filtered.vcf	NODE_171_length_796_cov_0.000000	460	.	A	G	104	PASS	14	0.285714	2	7	3	2	2
SRR7892478_filtered.vcf	NODE_171_length_796_cov_0.000000	473	.	A	G	83	PASS	12	0.25	0	5	4	2	1
SRR7892478_filtered.vcf	NODE_171_length_796_cov_0.000000	482	.	A	G	118	PASS	11	0.363636	2	3	4	3	1
SRR7892478_filtered.vcf	NODE_171_length_796_cov_0.000000	521	.	A	G	116	PASS	11	0.363636	0	3	4	2	2
SRR7892478_filtered.vcf	NODE_171_length_796_cov_0.000000	524	.	G	A	113	PASS	11	0.363636	0	3	4	2	2
SRR7892478_filtered.vcf	NODE_171_length_796_cov_0.000000	557	.	G	A	116	PASS	10	0.4	3	2	4	0	4
SRR7892478_filtered.vcf	NODE_174_length_784_cov_0.502283	15	.	A	C	618	PASS	32	0.6875	0	8	0	21	1
SRR7892478_filtered.vcf	NODE_174_length_784_cov_0.502283	16	.	G	A	273	PASS	35	0.342857	0	18	1	12	0
SRR7892478_filtered.vcf	NODE_174_length_784_cov_0.502283	18	.	T	C	650	PASS	49	0.591837	8	14	0	24	5
SRR7892478_filtered.vcf	NODE_174_length_784_cov_0.502283	186	.	C	T	20268	PASS	1835	0.433242	26	395	644	247	548
SRR7892478_filtered.vcf	NODE_174_length_784_cov_0.502283	249	.	C	T	23518	PASS	1858	0.459634	8	264	734	199	655
SRR7892478_filtered.vcf	NODE_174_length_784_cov_0.502283	333	.	A	G	8399	PASS	784	0.390306	1	159	319	96	210
SRR7892478_filtered.vcf	NODE_174_length_784_cov_0.502283	381	.	A	G	832	PASS	562	0.078292	7	316	202	22	22
SRR7892478_filtered.vcf	NODE_174_length_784_cov_0.502283	485	.	G	A	3433	PASS	316	0.417722	0	75	109	54	78
SRR7892478_filtered.vcf	NODE_174_length_784_cov_0.502283	540	.	A	G	6108	PASS	396	0.540404	0	33	149	40	174
SRR7892478_filtered.vcf	NODE_174_length_784_cov_0.502283	552	.	T	A	354	PASS	346	0.066474	0	62	261	4	19
SRR7892478_filtered.vcf	NODE_174_length_784_cov_0.502283	619	.	G	A	4460	PASS	310	0.512903	4	52	99	63	96
SRR7892478_filtered.vcf	NODE_174_length_784_cov_0.502283	720	.	G	T	519	PASS	102	0.362745	19	10	54	0	37
SRR7892478_filtered.vcf	NODE_174_length_784_cov_0.502283	723	.	A	G	469	PASS	101	0.356436	16	9	55	0	36
SRR7892478_filtered.vcf	NODE_174_length_784_cov_0.502283	729	.	G	T	304	PASS	89	0.314607	7	6	54	0	28
SRR7892478_filtered.vcf	NODE_175_length_779_cov_11.136503	36	.	A	T	814	PASS	1564	0.074169	1	1297	103	109	7
SRR7892478_filtered.vcf	NODE_175_length_779_cov_11.136503	37	.	A	G	680	PASS	1584	0.061869	6	1305	111	94	4
SRR7892478_filtered.vcf	NODE_175_length_779_cov_11.136503	563	.	T	C	195	PASS	398	0.052764	17	72	295	0	21
SRR7892478_filtered.vcf	NODE_175_length_779_cov_11.136503	565	.	T	C	232	PASS	351	0.051282	8	66	250	1	17
SRR7892478_filtered.vcf	NODE_175_length_779_cov_11.136503	721	.	T	A	136	PASS	83	0.120482	0	7	60	1	9
SRR7892478_filtered.vcf	NODE_175_length_779_cov_11.136503	730	.	T	A	109	PASS	68	0.088235	0	6	55	0	6
SRR7892478_filtered.vcf	NODE_176_length_779_cov_0.269939	155	.	T	C	421	PASS	77	0.233766	0	22	37	7	11
SRR7892478_filtered.vcf	NODE_176_length_779_cov_0.269939	650	.	T	A	75	PASS	38	0.157895	17	13	18	6	0
SRR7892478_filtered.vcf	NODE_176_length_779_cov_0.269939	676	.	T	A	197	PASS	38	0.315789	8	14	12	10	2
SRR7892478_filtered.vcf	NODE_176_length_779_cov_0.269939	712	.	C	T	372	PASS	44	0.454545	4	11	13	12	8
SRR7892478_filtered.vcf	NODE_179_length_770_cov_6.715397	121	.	A	C	15802	PASS	1123	0.495993	38	488	76	433	124
SRR7892478_filtered.vcf	NODE_179_length_770_cov_6.715397	125	.	T	C	14810	PASS	1105	0.467873	46	506	79	396	121
SRR7892478_filtered.vcf	NODE_179_length_770_cov_6.715397	126	.	A	C	14262	PASS	1101	0.468665	45	502	79	395	121
SRR7892478_filtered.vcf	NODE_179_length_770_cov_6.715397	153	.	T	C	15588	PASS	1149	0.501305	29	461	109	507	69
SRR7892478_filtered.vcf	NODE_179_length_770_cov_6.715397	598	.	T	C	26195	PASS	2265	0.436203	1	462	808	353	635
SRR7892478_filtered.vcf	NODE_179_length_770_cov_6.715397	618	.	G	A	23957	PASS	2029	0.433711	2	452	688	362	518
SRR7892478_filtered.vcf	NODE_188_length_741_cov_1.666124	325	.	G	T	140	PASS	155	0.058065	20	112	34	3	6
SRR7892478_filtered.vcf	NODE_188_length_741_cov_1.666124	594	.	T	C	523	PASS	692	0.050578	0	262	395	13	22
SRR7892478_filtered.vcf	NODE_188_length_741_cov_1.666124	658	.	A	T	620	PASS	706	0.055241	0	176	485	10	29
SRR7892478_filtered.vcf	NODE_188_length_741_cov_1.666124	734	.	A	T	225	PASS	38	0.342105	0	3	17	1	12
SRR7892478_filtered.vcf	NODE_188_length_741_cov_1.666124	735	.	T	A	85	PASS	36	0.194444	0	2	20	1	6
SRR7892478_filtered.vcf	NODE_188_length_741_cov_1.666124	735	.	T	C	85	PASS	36	0.194444	0	2	20	1	6
SRR7892478_filtered.vcf	NODE_190_length_737_cov_2.247541	116	.	A	G	250	PASS	153	0.098039	0	85	53	9	6
SRR7892478_filtered.vcf	NODE_190_length_737_cov_2.247541	149	.	C	T	440	PASS	171	0.122807	1	76	73	12	9
SRR7892478_filtered.vcf	NODE_190_length_737_cov_2.247541	281	.	G	A	1236	PASS	453	0.125828	11	305	91	37	20
SRR7892478_filtered.vcf	NODE_190_length_737_cov_2.247541	290	.	C	T	1143	PASS	471	0.116773	15	322	94	35	20
SRR7892478_filtered.vcf	NODE_190_length_737_cov_2.247541	293	.	G	A	1084	PASS	488	0.110656	4	336	96	39	15
SRR7892478_filtered.vcf	NODE_190_length_737_cov_2.247541	305	.	G	A	1201	PASS	571	0.105079	0	411	100	49	11
SRR7892478_filtered.vcf	NODE_190_length_737_cov_2.247541	499	.	C	G	1757	PASS	1310	0.074809	11	861	350	61	37
SRR7892478_filtered.vcf	NODE_190_length_737_cov_2.247541	724	.	A	T	405	PASS	41	0.487805	0	0	7	1	19
SRR7892478_filtered.vcf	NODE_201_length_719_cov_0.000000	214	.	A	G	174	PASS	15	0.4	3	9	0	5	1
SRR7892478_filtered.vcf	NODE_201_length_719_cov_0.000000	422	.	C	G	135	PASS	16	0.3125	5	4	6	4	1
SRR7892478_filtered.vcf	NODE_201_length_719_cov_0.000000	442	.	C	T	266	PASS	18	0.5	1	4	5	6	3
SRR7892478_filtered.vcf	NODE_201_length_719_cov_0.000000	546	.	T	G	192	PASS	10	0.6	0	0	4	0	6
SRR7892478_filtered.vcf	NODE_201_length_719_cov_0.000000	547	.	G	A	192	PASS	10	0.6	0	0	4	0	6
SRR7892478_filtered.vcf	NODE_201_length_719_cov_0.000000	552	.	T	C	187	PASS	10	0.6	0	0	4	0	6
SRR7892478_filtered.vcf	NODE_201_length_719_cov_0.000000	564	.	C	T	253	PASS	13	0.615385	0	1	3	2	6
SRR7892478_filtered.vcf	NODE_201_length_719_cov_0.000000	594	.	G	C	82	PASS	11	0.272727	2	3	5	2	1
SRR7892478_filtered.vcf	NODE_206_length_710_cov_0.295026	12	.	A	G	133	PASS	142	0.584507	1	58	1	80	3
SRR7892478_filtered.vcf	NODE_206_length_710_cov_0.295026	27	.	A	G	968	PASS	187	0.636364	0	66	2	114	5
SRR7892478_filtered.vcf	NODE_206_length_710_cov_0.295026	105	.	C	T	4081	PASS	264	0.590909	0	70	38	99	57
SRR7892478_filtered.vcf	NODE_206_length_710_cov_0.295026	123	.	C	T	4947	PASS	291	0.601375	1	61	55	96	79
SRR7892478_filtered.vcf	NODE_206_length_710_cov_0.295026	254	.	C	T	370	PASS	294	0.071429	0	165	108	13	8
SRR7892478_filtered.vcf	NODE_206_length_710_cov_0.295026	425	.	T	G	2321	PASS	282	0.365248	0	111	68	65	38
SRR7892478_filtered.vcf	NODE_206_length_710_cov_0.295026	450	.	A	G	194	PASS	310	0.074194	5	137	143	14	9
SRR7892478_filtered.vcf	NODE_206_length_710_cov_0.295026	504	.	T	C	461	PASS	242	0.107438	0	92	124	11	15
SRR7892478_filtered.vcf	NODE_206_length_710_cov_0.295026	519	.	G	T	389	PASS	242	0.086777	17	86	135	14	7
SRR7892478_filtered.vcf	NODE_206_length_710_cov_0.295026	549	.	G	A	2498	PASS	246	0.382114	3	46	106	33	61
SRR7892478_filtered.vcf	NODE_206_length_710_cov_0.295026	627	.	A	G	258	PASS	204	0.063725	2	68	123	3	10
SRR7892478_filtered.vcf	NODE_208_length_709_cov_0.001718	614	.	C	T	93	PASS	13	0.307692	6	1	8	2	2
SRR7892478_filtered.vcf	NODE_209_length_707_cov_0.472414	27	.	G	A	99	PASS	80	0.525	3	37	0	40	2
SRR7892478_filtered.vcf	NODE_209_length_707_cov_0.472414	105	.	T	C	2985	PASS	240	0.583333	2	75	25	99	41
SRR7892478_filtered.vcf	NODE_209_length_707_cov_0.472414	120	.	T	C	2805	PASS	265	0.50566	4	88	41	84	50
SRR7892478_filtered.vcf	NODE_209_length_707_cov_0.472414	134	.	C	A	2097	PASS	218	0.431193	0	70	52	53	41
SRR7892478_filtered.vcf	NODE_209_length_707_cov_0.472414	138	.	C	A	2374	PASS	205	0.429268	4	68	49	45	43
SRR7892478_filtered.vcf	NODE_209_length_707_cov_0.472414	141	.	G	A	2313	PASS	205	0.429268	3	61	56	41	47
SRR7892478_filtered.vcf	NODE_209_length_707_cov_0.472414	162	.	G	A	2424	PASS	212	0.433962	33	51	69	18	74
SRR7892478_filtered.vcf	NODE_209_length_707_cov_0.472414	165	.	T	G	2354	PASS	202	0.430693	29	46	68	16	71
SRR7892478_filtered.vcf	NODE_209_length_707_cov_0.472414	168	.	A	C	2416	PASS	203	0.433498	31	46	68	16	72
SRR7892478_filtered.vcf	NODE_220_length_690_cov_0.010657	156	.	G	A	79	PASS	11	0.272727	16	7	1	0	3
SRR7892478_filtered.vcf	NODE_230_length_670_cov_0.716390	191	.	T	A	526	PASS	50	0.42	10	10	19	13	8
SRR7892478_filtered.vcf	NODE_230_length_670_cov_0.716390	269	.	T	A	852	PASS	80	0.4	9	23	25	9	23
SRR7892478_filtered.vcf	NODE_230_length_670_cov_0.716390	324	.	T	C	2156	PASS	188	0.409574	6	81	30	49	28
SRR7892478_filtered.vcf	NODE_230_length_670_cov_0.716390	365	.	T	G	1792	PASS	250	0.296	18	130	45	43	31
SRR7892478_filtered.vcf	NODE_230_length_670_cov_0.716390	374	.	T	C	1906	PASS	250	0.324	17	118	50	44	37
SRR7892478_filtered.vcf	NODE_230_length_670_cov_0.716390	419	.	C	T	1637	PASS	221	0.303167	10	82	71	27	40
SRR7892478_filtered.vcf	NODE_230_length_670_cov_0.716390	444	.	T	C	3221	PASS	196	0.576531	0	29	54	41	72
SRR7892478_filtered.vcf	NODE_230_length_670_cov_0.716390	575	.	T	C	1510	PASS	155	0.380645	1	29	66	20	39
SRR7892478_filtered.vcf	NODE_230_length_670_cov_0.716390	583	.	A	T	246	PASS	146	0.082192	2	41	93	2	10
SRR7892478_filtered.vcf	NODE_230_length_670_cov_0.716390	587	.	T	C	178	PASS	143	0.097902	1	39	89	3	11
SRR7892478_filtered.vcf	NODE_230_length_670_cov_0.716390	588	.	T	C	1336	PASS	142	0.373239	0	25	62	15	38
SRR7892478_filtered.vcf	NODE_230_length_670_cov_0.716390	620	.	C	A	197	PASS	127	0.086614	1	17	59	3	8
SRR7892478_filtered.vcf	NODE_230_length_670_cov_0.716390	620	.	C	T	992	PASS	127	0.307087	1	17	59	7	32
SRR7892478_filtered.vcf	NODE_230_length_670_cov_0.716390	628	.	G	T	956	PASS	128	0.304688	3	20	69	6	33
SRR7892478_filtered.vcf	NODE_248_length_645_cov_1.494208	455	.	T	G	2242	PASS	353	0.266289	5	149	109	48	46
SRR7892478_filtered.vcf	NODE_248_length_645_cov_1.494208	640	.	A	C	7207	PASS	364	0.662088	4	15	107	39	202
SRR7892478_filtered.vcf	NODE_250_length_643_cov_0.027132	384	.	T	C	74	PASS	21	0.142857	5	8	10	0	3
SRR7892478_filtered.vcf	NODE_257_length_635_cov_0.019685	475	.	A	G	73	PASS	10	0.3	0	3	4	1	2
SRR7892478_filtered.vcf	NODE_258_length_635_cov_0.019685	135	.	A	T	149	PASS	10	0.5	2	4	1	2	3
SRR7892478_filtered.vcf	NODE_263_length_631_cov_3.914683	5	.	T	G	675	PASS	26	0.884615	0	2	1	18	5
SRR7892478_filtered.vcf	NODE_263_length_631_cov_3.914683	12	.	G	A	1774	PASS	183	0.868852	4	19	1	133	26
SRR7892478_filtered.vcf	NODE_263_length_631_cov_3.914683	253	.	A	C	1947	PASS	1094	0.09415	22	662	323	83	20
SRR7892478_filtered.vcf	NODE_263_length_631_cov_3.914683	409	.	G	A	2141	PASS	1715	0.070554	5	643	951	55	66
SRR7892478_filtered.vcf	NODE_263_length_631_cov_3.914683	628	.	G	A	107	PASS	14	0.5	0	0	6	1	6
SRR7892478_filtered.vcf	NODE_270_length_624_cov_0.028169	96	.	C	T	148	PASS	11	0.454545	0	5	1	5	0
SRR7892478_filtered.vcf	NODE_270_length_624_cov_0.028169	119	.	C	T	164	PASS	15	0.4	0	7	2	5	1
SRR7892478_filtered.vcf	NODE_270_length_624_cov_0.028169	131	.	A	T	190	PASS	16	0.4375	0	7	2	6	1
SRR7892478_filtered.vcf	NODE_270_length_624_cov_0.028169	206	.	A	C	141	PASS	13	0.384615	2	4	4	1	4
SRR7892478_filtered.vcf	NODE_270_length_624_cov_0.028169	272	.	T	C	161	PASS	11	0.545455	2	2	3	1	5
SRR7892478_filtered.vcf	NODE_270_length_624_cov_0.028169	285	.	T	G	115	PASS	10	0.5	0	2	3	1	4
SRR7892478_filtered.vcf	NODE_283_length_609_cov_0.923237	596	.	G	A	831	PASS	28	0.928571	0	0	2	0	26
SRR7892478_filtered.vcf	NODE_283_length_609_cov_0.923237	607	.	T	A	104	PASS	10	0.7	0	0	2	0	7
SRR7892478_filtered.vcf	NODE_290_length_594_cov_0.128480	322	.	T	C	85	PASS	10	0.3	3	3	4	0	3
SRR7892478_filtered.vcf	NODE_293_length_588_cov_1.149675	8	.	A	T	117	PASS	20	0.35	0	6	0	7	0
SRR7892478_filtered.vcf	NODE_293_length_588_cov_1.149675	11	.	G	A	91	PASS	46	0.326087	0	24	1	15	0
SRR7892478_filtered.vcf	NODE_293_length_588_cov_1.149675	214	.	G	A	506	PASS	405	0.071605	3	187	187	12	17
SRR7892478_filtered.vcf	NODE_293_length_588_cov_1.149675	229	.	T	C	398	PASS	418	0.055024	5	223	172	16	7
SRR7892478_filtered.vcf	NODE_293_length_588_cov_1.149675	367	.	T	A	371	PASS	561	0.053476	3	256	272	12	18
SRR7892478_filtered.vcf	NODE_300_length_582_cov_8.186813	6	.	T	G	442	PASS	138	0.347826	5	75	4	43	5
SRR7892478_filtered.vcf	NODE_300_length_582_cov_8.186813	46	.	A	G	13725	PASS	3191	0.35036	1	1726	339	929	189
SRR7892478_filtered.vcf	NODE_300_length_582_cov_8.186813	88	.	C	A	49314	PASS	5760	0.435417	2	2742	490	2143	365
SRR7892478_filtered.vcf	NODE_300_length_582_cov_8.186813	136	.	A	G	49314	PASS	5928	0.483974	23	2461	595	2223	646
SRR7892478_filtered.vcf	NODE_300_length_582_cov_8.186813	151	.	G	A	10221	PASS	6063	0.090054	0	4084	1431	404	142
SRR7892478_filtered.vcf	NODE_300_length_582_cov_8.186813	163	.	G	A	49314	PASS	5833	0.409223	29	2433	1007	1592	795
SRR7892478_filtered.vcf	NODE_300_length_582_cov_8.186813	184	.	G	A	16185	PASS	7527	0.111731	51	4147	2532	588	253
SRR7892478_filtered.vcf	NODE_300_length_582_cov_8.186813	214	.	G	C	49314	PASS	8958	0.434695	397	3381	1650	2077	1817
SRR7892478_filtered.vcf	NODE_300_length_582_cov_8.186813	223	.	G	A	49314	PASS	10520	0.34192	387	4615	2278	1934	1663
SRR7892478_filtered.vcf	NODE_300_length_582_cov_8.186813	232	.	G	C	49314	PASS	12078	0.491555	44	4105	2003	3778	2159
SRR7892478_filtered.vcf	NODE_300_length_582_cov_8.186813	238	.	G	A	49314	PASS	13829	0.509364	79	4965	1803	4857	2187
SRR7892478_filtered.vcf	NODE_300_length_582_cov_8.186813	271	.	C	G	49314	PASS	16362	0.376971	1121	7874	2297	3747	2421
SRR7892478_filtered.vcf	NODE_300_length_582_cov_8.186813	295	.	C	T	49314	PASS	15990	0.38324	338	6495	3336	3454	2674
SRR7892478_filtered.vcf	NODE_300_length_582_cov_8.186813	313	.	A	G	49314	PASS	15316	0.391747	402	5610	3695	2955	3045
SRR7892478_filtered.vcf	NODE_300_length_582_cov_8.186813	334	.	T	C	49314	PASS	14041	0.380956	97	4168	4506	2275	3074
SRR7892478_filtered.vcf	NODE_300_length_582_cov_8.186813	385	.	C	T	49314	PASS	13068	0.272804	62	2318	7172	724	2841
SRR7892478_filtered.vcf	NODE_300_length_582_cov_8.186813	387	.	G	C	49314	PASS	13214	0.267822	54	2299	7366	707	2832
SRR7892478_filtered.vcf	NODE_300_length_582_cov_8.186813	391	.	T	C	49314	PASS	13218	0.268724	28	2151	7507	700	2852
SRR7892478_filtered.vcf	NODE_300_length_582_cov_8.186813	456	.	A	T	37758	PASS	6071	0.261407	270	781	3685	490	1097
SRR7892478_filtered.vcf	NODE_300_length_582_cov_8.186813	478	.	A	T	44741	PASS	5644	0.318746	29	718	3113	405	1394
SRR7892478_filtered.vcf	NODE_300_length_582_cov_8.186813	505	.	C	T	24089	PASS	4059	0.252525	14	495	2525	197	828
SRR7892478_filtered.vcf	NODE_300_length_582_cov_8.186813	574	.	T	G	473	PASS	50	0.52	4	1	14	5	21
SRR7892478_filtered.vcf	NODE_300_length_582_cov_8.186813	575	.	C	A	153	PASS	29	0.275862	0	1	16	0	8
SRR7892478_filtered.vcf	NODE_301_length_582_cov_5.270330	412	.	A	G	1326	PASS	1168	0.070205	113	472	564	69	13
SRR7892478_filtered.vcf	NODE_306_length_576_cov_2.632517	103	.	A	G	5806	PASS	312	0.63141	0	96	16	171	26
SRR7892478_filtered.vcf	NODE_306_length_576_cov_2.632517	114	.	C	A	502	PASS	238	0.113445	19	176	31	17	10
SRR7892478_filtered.vcf	NODE_306_length_576_cov_2.632517	116	.	A	C	303	PASS	228	0.087719	30	173	33	10	10
SRR7892478_filtered.vcf	NODE_306_length_576_cov_2.632517	117	.	A	C	222	PASS	235	0.085106	30	180	34	10	10
SRR7892478_filtered.vcf	NODE_306_length_576_cov_2.632517	143	.	G	T	712	PASS	441	0.088435	33	331	71	22	17
SRR7892478_filtered.vcf	NODE_306_length_576_cov_2.632517	146	.	C	G	705	PASS	441	0.0839	26	331	73	22	15
SRR7892478_filtered.vcf	NODE_306_length_576_cov_2.632517	147	.	A	C	749	PASS	439	0.08656	29	327	71	22	16
SRR7892478_filtered.vcf	NODE_306_length_576_cov_2.632517	154	.	A	G	3271	PASS	565	0.235398	0	352	77	108	25
SRR7892478_filtered.vcf	NODE_306_length_576_cov_2.632517	156	.	G	T	3281	PASS	577	0.239168	3	359	80	109	29
SRR7892478_filtered.vcf	NODE_306_length_576_cov_2.632517	180	.	T	C	20243	PASS	1255	0.558566	40	459	91	520	181
SRR7892478_filtered.vcf	NODE_306_length_576_cov_2.632517	299	.	A	T	29836	PASS	2107	0.50356	0	523	520	527	534
SRR7892478_filtered.vcf	NODE_306_length_576_cov_2.632517	321	.	T	C	2797	PASS	2073	0.087313	4	805	1081	71	110
SRR7892478_filtered.vcf	NODE_306_length_576_cov_2.632517	324	.	A	G	3160	PASS	2058	0.086978	2	770	1107	69	110
SRR7892478_filtered.vcf	NODE_306_length_576_cov_2.632517	342	.	T	C	25265	PASS	2168	0.427583	50	400	840	385	542
SRR7892478_filtered.vcf	NODE_306_length_576_cov_2.632517	400	.	G	A	3368	PASS	2104	0.086027	3	797	1125	81	100
SRR7892478_filtered.vcf	NODE_306_length_576_cov_2.632517	402	.	C	T	3452	PASS	2086	0.087728	5	779	1122	83	100
SRR7892478_filtered.vcf	NODE_306_length_576_cov_2.632517	471	.	A	T	2707	PASS	1230	0.134146	0	309	755	49	116
SRR7892478_filtered.vcf	NODE_306_length_576_cov_2.632517	474	.	C	T	2860	PASS	1178	0.134126	0	278	739	43	115
SRR7892478_filtered.vcf	NODE_306_length_576_cov_2.632517	552	.	G	T	11861	PASS	1013	0.461007	0	40	503	37	430
SRR7892478_filtered.vcf	NODE_306_length_576_cov_2.632517	567	.	A	G	4629	PASS	272	0.735294	1	1	62	7	193
SRR7892478_filtered.vcf	NODE_306_length_576_cov_2.632517	568	.	A	C	207	PASS	241	0.103734	2	6	208	1	24
SRR7892478_filtered.vcf	NODE_310_length_570_cov_1.022573	252	.	T	G	681	PASS	814	0.050369	4	560	211	27	14
SRR7892478_filtered.vcf	NODE_313_length_568_cov_2.768707	563	.	C	T	89	PASS	22	0.272727	0	2	11	0	6
SRR7892478_filtered.vcf	NODE_317_length_566_cov_0.205011	116	.	A	G	263	PASS	225	0.075556	0	106	100	8	9
SRR7892478_filtered.vcf	NODE_317_length_566_cov_0.205011	125	.	C	T	175	PASS	216	0.064815	2	98	104	8	6
SRR7892478_filtered.vcf	NODE_322_length_563_cov_0.229358	148	.	T	C	117	PASS	101	0.059406	4	74	21	6	0
SRR7892478_filtered.vcf	NODE_322_length_563_cov_0.229358	204	.	T	A	139	PASS	104	0.086538	1	52	43	4	5
SRR7892478_filtered.vcf	NODE_322_length_563_cov_0.229358	255	.	G	A	101	PASS	101	0.059406	1	44	51	2	4
SRR7892478_filtered.vcf	NODE_332_length_554_cov_1.613583	541	.	A	C	573	PASS	27	0.888889	0	0	3	0	24
SRR7892478_filtered.vcf	NODE_338_length_549_cov_8.004739	91	.	T	C	4580	PASS	2409	0.102947	1	1778	382	207	41
SRR7892478_filtered.vcf	NODE_338_length_549_cov_8.004739	128	.	T	C	4213	PASS	2329	0.098755	8	1314	779	156	74
SRR7892478_filtered.vcf	NODE_338_length_549_cov_8.004739	162	.	G	A	6080	PASS	3209	0.098785	11	1858	1033	220	97
SRR7892478_filtered.vcf	NODE_338_length_549_cov_8.004739	239	.	A	T	6837	PASS	4108	0.086417	36	2318	1422	184	171
SRR7892478_filtered.vcf	NODE_338_length_549_cov_8.004739	308	.	A	T	7679	PASS	4424	0.094259	0	1164	2825	122	295
SRR7892478_filtered.vcf	NODE_338_length_549_cov_8.004739	317	.	T	C	4434	PASS	4216	0.073055	10	1056	2840	98	210
SRR7892478_filtered.vcf	NODE_338_length_549_cov_8.004739	386	.	A	C	2497	PASS	1846	0.084507	0	251	1409	24	132
SRR7892478_filtered.vcf	NODE_338_length_549_cov_8.004739	401	.	T	A	1889	PASS	1269	0.088258	1	193	952	17	95
SRR7892478_filtered.vcf	NODE_338_length_549_cov_8.004739	440	.	T	C	269	PASS	403	0.091811	2	68	293	5	32
SRR7892478_filtered.vcf	NODE_338_length_549_cov_8.004739	539	.	C	T	106	PASS	32	0.25	0	0	16	0	8
SRR7892478_filtered.vcf	NODE_346_length_546_cov_0.930788	92	.	C	T	210	PASS	235	0.097872	1	79	133	7	16
SRR7892478_filtered.vcf	NODE_346_length_546_cov_0.930788	140	.	A	C	96	PASS	122	0.07377	15	42	67	0	9
SRR7892478_filtered.vcf	NODE_346_length_546_cov_0.930788	356	.	T	C	342	PASS	445	0.05618	2	289	131	19	6
SRR7892478_filtered.vcf	NODE_346_length_546_cov_0.930788	407	.	G	T	634	PASS	515	0.069903	1	260	219	21	15
SRR7892478_filtered.vcf	NODE_379_length_522_cov_1.567089	509	.	A	C	578	PASS	45	0.555556	8	0	16	4	21
SRR7892478_filtered.vcf	NODE_379_length_522_cov_1.567089	515	.	T	G	75	PASS	10	0.3	4	0	5	1	2
SRR7892478_filtered.vcf	NODE_386_length_514_cov_0.669251	139	.	G	A	540	PASS	226	0.119469	5	167	32	20	7
SRR7892478_filtered.vcf	NODE_386_length_514_cov_0.669251	142	.	T	C	628	PASS	224	0.138393	6	158	35	22	9
SRR7892478_filtered.vcf	NODE_386_length_514_cov_0.669251	199	.	T	C	389	PASS	238	0.096639	10	126	89	9	14
SRR7892478_filtered.vcf	NODE_386_length_514_cov_0.669251	354	.	T	C	388	PASS	375	0.064	4	238	112	19	5
SRR7892478_filtered.vcf	NODE_388_length_510_cov_2.676240	59	.	T	A	1848	PASS	421	0.356295	5	217	52	128	22
SRR7892478_filtered.vcf	NODE_388_length_510_cov_2.676240	314	.	C	T	2390	PASS	204	0.441176	3	57	57	40	50
SRR7892478_filtered.vcf	NODE_388_length_510_cov_2.676240	352	.	C	T	2087	PASS	181	0.425414	13	46	58	22	55
SRR7892478_filtered.vcf	NODE_394_length_506_cov_0.110818	57	.	T	A	155	PASS	177	0.378531	1	82	26	53	14
SRR7892478_filtered.vcf	NODE_394_length_506_cov_0.110818	147	.	T	C	1115	PASS	191	0.251309	6	50	93	22	26
SRR7892478_filtered.vcf	NODE_394_length_506_cov_0.110818	150	.	G	A	1054	PASS	188	0.234043	8	48	95	20	24
SRR7892478_filtered.vcf	NODE_394_length_506_cov_0.110818	163	.	A	G	825	PASS	127	0.299213	3	37	52	19	19
SRR7892478_filtered.vcf	NODE_394_length_506_cov_0.110818	333	.	A	G	959	PASS	89	0.404494	0	26	27	16	20
SRR7892478_filtered.vcf	NODE_394_length_506_cov_0.110818	366	.	A	G	109	PASS	87	0.08046	10	51	29	7	0
SRR7892478_filtered.vcf	NODE_394_length_506_cov_0.110818	378	.	A	G	143	PASS	105	0.085714	3	67	28	8	1
SRR7892478_filtered.vcf	NODE_394_length_506_cov_0.110818	411	.	T	C	385	PASS	221	0.085973	5	130	71	15	4
SRR7892478_filtered.vcf	NODE_394_length_506_cov_0.110818	414	.	A	G	340	PASS	214	0.088785	3	122	71	14	5
SRR7892478_filtered.vcf	NODE_394_length_506_cov_0.110818	417	.	C	A	374	PASS	211	0.090047	3	120	72	14	5
SRR7892478_filtered.vcf	NODE_394_length_506_cov_0.110818	432	.	G	A	2372	PASS	222	0.405405	1	75	57	49	41
SRR7892471_filtered.vcf	NODE_1_length_4426_cov_12.178879	2019	.	A	G	139	PASS	124	0.064516	0	55	61	4	4
SRR7892471_filtered.vcf	NODE_1_length_4426_cov_12.178879	2078	.	G	A	230	PASS	180	0.066667	0	86	82	6	6
SRR7892471_filtered.vcf	NODE_2_length_4128_cov_18.662334	6	.	T	A	663	PASS	54	0.759259	7	11	2	25	16
SRR7892471_filtered.vcf	NODE_2_length_4128_cov_18.662334	4000	.	T	G	163	PASS	206	0.058252	1	98	95	7	5
SRR7892471_filtered.vcf	NODE_3_length_3740_cov_43.015500	372	.	G	A	740	PASS	127	0.244094	0	54	42	18	13
SRR7892471_filtered.vcf	NODE_3_length_3740_cov_43.015500	387	.	A	G	164	PASS	161	0.062112	1	86	65	5	5
SRR7892471_filtered.vcf	NODE_3_length_3740_cov_43.015500	388	.	A	C	142	PASS	163	0.06135	1	83	64	5	5
SRR7892471_filtered.vcf	NODE_3_length_3740_cov_43.015500	401	.	T	G	239	PASS	190	0.073684	0	93	76	8	6
SRR7892471_filtered.vcf	NODE_3_length_3740_cov_43.015500	411	.	G	C	393	PASS	224	0.09375	0	113	90	12	9
SRR7892471_filtered.vcf	NODE_3_length_3740_cov_43.015500	417	.	G	A	280	PASS	248	0.068548	0	134	97	9	8
SRR7892471_filtered.vcf	NODE_3_length_3740_cov_43.015500	431	.	G	A	423	PASS	320	0.075	1	157	108	13	11
SRR7892471_filtered.vcf	NODE_3_length_3740_cov_43.015500	431	.	G	T	593	PASS	320	0.096875	0	157	108	18	13
SRR7892471_filtered.vcf	NODE_3_length_3740_cov_43.015500	439	.	C	T	361	PASS	377	0.058355	0	202	149	12	10
SRR7892471_filtered.vcf	NODE_3_length_3740_cov_43.015500	491	.	A	G	1009	PASS	577	0.095321	23	274	246	40	15
SRR7892471_filtered.vcf	NODE_3_length_3740_cov_43.015500	493	.	A	T	1402	PASS	572	0.118881	20	260	237	47	21
