Sample_name	scaffold_name	taxID	NCBI_potential_hosts	virus_name	virus_lineage	refseq_id	KEGG_GENOME	KEGG_DISEASE	DISEASE	host_tax_id	host_name	host_lineage	pmid	evidence	sample_type	source_organism
SRR7892471	NODE_2_length_4128_cov_18.662334	12092.0	vertebrates,human	Hepatovirus A	Viruses; Riboviria; Picornavirales; Picornaviridae; Hepatovirus	NC_001489	T40068	H00411	Hepatitis A; Hepatitis A virus (HAV) infection	9536.0	Cercopithecus hamlyni	Eukaryota; Metazoa; Chordata; Craniata; Sarcopterygii; Mammalia; Euarchontoglires; Primates; Haplorrhini; Simiiformes; Catarrhini; Cercopithecoidea; Cercopithecidae; Cercopithecinae; Cercopithecus		UniProt		
SRR7892471	NODE_2_length_4128_cov_18.662334	12092.0	vertebrates,human	Hepatovirus A	Viruses; Riboviria; Picornavirales; Picornaviridae; Hepatovirus	NC_001489	T40068	H00411	Hepatitis A; Hepatitis A virus (HAV) infection	9539.0	Macaca	Eukaryota; Metazoa; Chordata; Craniata; Sarcopterygii; Mammalia; Euarchontoglires; Primates; Haplorrhini; Simiiformes; Catarrhini; Cercopithecoidea; Cercopithecidae; Cercopithecinae		UniProt		
SRR7892471	NODE_2_length_4128_cov_18.662334	12092.0	vertebrates,human	Hepatovirus A	Viruses; Riboviria; Picornavirales; Picornaviridae; Hepatovirus	NC_001489	T40068	H00411	Hepatitis A; Hepatitis A virus (HAV) infection	9598.0	Pan troglodytes	Eukaryota; Metazoa; Chordata; Craniata; Sarcopterygii; Mammalia; Euarchontoglires; Primates; Haplorrhini; Simiiformes; Catarrhini; Hominoidea; Hominidae; Homininae; Pan		UniProt		
SRR7892471	NODE_2_length_4128_cov_18.662334	12092.0	vertebrates,human	Hepatovirus A	Viruses; Riboviria; Picornavirales; Picornaviridae; Hepatovirus	NC_001489	T40068	H00411	Hepatitis A; Hepatitis A virus (HAV) infection	9606.0	Homo sapiens	Eukaryota; Metazoa; Chordata; Craniata; Sarcopterygii; Mammalia; Euarchontoglires; Primates; Haplorrhini; Simiiformes; Catarrhini; Hominoidea; Hominidae; Homininae; Homo		UniProt		
SRR7892471	NODE_6_length_3315_cov_18.641782	12092.0	vertebrates,human	Hepatovirus A	Viruses; Riboviria; Picornavirales; Picornaviridae; Hepatovirus	NC_001489	T40068	H00411	Hepatitis A; Hepatitis A virus (HAV) infection	9536.0	Cercopithecus hamlyni	Eukaryota; Metazoa; Chordata; Craniata; Sarcopterygii; Mammalia; Euarchontoglires; Primates; Haplorrhini; Simiiformes; Catarrhini; Cercopithecoidea; Cercopithecidae; Cercopithecinae; Cercopithecus		UniProt		
SRR7892471	NODE_6_length_3315_cov_18.641782	12092.0	vertebrates,human	Hepatovirus A	Viruses; Riboviria; Picornavirales; Picornaviridae; Hepatovirus	NC_001489	T40068	H00411	Hepatitis A; Hepatitis A virus (HAV) infection	9539.0	Macaca	Eukaryota; Metazoa; Chordata; Craniata; Sarcopterygii; Mammalia; Euarchontoglires; Primates; Haplorrhini; Simiiformes; Catarrhini; Cercopithecoidea; Cercopithecidae; Cercopithecinae		UniProt		
SRR7892471	NODE_6_length_3315_cov_18.641782	12092.0	vertebrates,human	Hepatovirus A	Viruses; Riboviria; Picornavirales; Picornaviridae; Hepatovirus	NC_001489	T40068	H00411	Hepatitis A; Hepatitis A virus (HAV) infection	9598.0	Pan troglodytes	Eukaryota; Metazoa; Chordata; Craniata; Sarcopterygii; Mammalia; Euarchontoglires; Primates; Haplorrhini; Simiiformes; Catarrhini; Hominoidea; Hominidae; Homininae; Pan		UniProt		
SRR7892471	NODE_6_length_3315_cov_18.641782	12092.0	vertebrates,human	Hepatovirus A	Viruses; Riboviria; Picornavirales; Picornaviridae; Hepatovirus	NC_001489	T40068	H00411	Hepatitis A; Hepatitis A virus (HAV) infection	9606.0	Homo sapiens	Eukaryota; Metazoa; Chordata; Craniata; Sarcopterygii; Mammalia; Euarchontoglires; Primates; Haplorrhini; Simiiformes; Catarrhini; Hominoidea; Hominidae; Homininae; Homo		UniProt		
SRR7892471	NODE_10_length_3235_cov_7.726834	2548052.0	bacteria													
SRR7892471	NODE_38_length_2566_cov_4.282083	1914852.0	bacteria													
SRR7892471	NODE_66_length_2330_cov_1.744439	1981500.0	bacteria	Escherichia phage V18	Viruses; Caudovirales; Myoviridae; Vequintavirinae; Vequintavirus; Escherichia virus V18	NC_041937				562.0	Escherichia coli	Bacteria; Proteobacteria; Gammaproteobacteria; Enterobacterales; Enterobacteriaceae; Escherichia		RefSeq		
SRR7892471	NODE_86_length_2210_cov_1.199232	1914852.0	bacteria													
SRR7892471	NODE_93_length_2178_cov_0.299854	1233383.0	vertebrates	Human cosavirus	Viruses; Riboviria; Picornavirales; Picornaviridae; Cosavirus; unclassified Cosavirus	NC_023984				9606.0	Homo sapiens	Eukaryota; Metazoa; Chordata; Craniata; Sarcopterygii; Mammalia; Euarchontoglires; Primates; Haplorrhini; Simiiformes; Catarrhini; Hominoidea; Hominidae; Homininae; Homo		NCBI Virus, RefSeq		
SRR7892471	NODE_129_length_2019_cov_4.275899	2548155.0	bacteria													
SRR7892471	NODE_177_length_1908_cov_4.361033	2233993.0	bacteria													
SRR7892471	NODE_217_length_1835_cov_2.811475	2099658.0	bacteria													
SRR7892471	NODE_225_length_1814_cov_0.547718	2048062.0	bacteria													
SRR7892471	NODE_243_length_1781_cov_0.843410	2099658.0	bacteria													
SRR7892471	NODE_267_length_1748_cov_1.559531	2502307.0	bacteria													
SRR7892471	NODE_268_length_1747_cov_0.711111	2576874.0	bacteria													
SRR7892471	NODE_296_length_1708_cov_1.286528	1914852.0	bacteria													
SRR7892471	NODE_301_length_1701_cov_1.141677	1655314.0	bacteria	Escherichia phage APCEc02	Viruses; Caudovirales; Myoviridae; Vequintavirinae; Vequintavirus; unclassified Vequintavirus	NC_041869				562.0	Escherichia coli	Bacteria; Proteobacteria; Gammaproteobacteria; Enterobacterales; Enterobacteriaceae; Escherichia		NCBI Virus, RefSeq		
SRR7892471	NODE_305_length_1695_cov_0.139031	2202644.0	bacteria													
SRR7892471	NODE_317_length_1682_cov_1.854662	2591055.0	bacteria													
SRR7892471	NODE_414_length_1584_cov_1.036376	2548049.0	bacteria													
SRR7892471	NODE_432_length_1569_cov_0.509709	1914852.0	bacteria													
SRR7892471	NODE_433_length_1568_cov_0.756419	1914852.0	bacteria													
SRR7892471	NODE_450_length_1549_cov_0.541491	2233993.0	bacteria													
SRR7892471	NODE_454_length_1549_cov_0.189170	2548050.0	bacteria													
SRR7892471	NODE_466_length_1538_cov_0.640680	1508676.0	bacteria													
SRR7892471	NODE_493_length_1514_cov_0.266042	1914852.0	bacteria													
SRR7892471	NODE_540_length_1484_cov_0.991157	2048062.0	bacteria													
SRR7892471	NODE_596_length_1449_cov_0.394856	1233383.0	vertebrates	Human cosavirus	Viruses; Riboviria; Picornavirales; Picornaviridae; Cosavirus; unclassified Cosavirus	NC_023984				9606.0	Homo sapiens	Eukaryota; Metazoa; Chordata; Craniata; Sarcopterygii; Mammalia; Euarchontoglires; Primates; Haplorrhini; Simiiformes; Catarrhini; Hominoidea; Hominidae; Homininae; Homo		NCBI Virus, RefSeq		
SRR7892471	NODE_607_length_1439_cov_2.352134	1868658.0	vertebrates,human	Human astrovirus	Viruses; Riboviria; Astroviridae; unclassified Astroviridae	NC_001943				9606.0	Homo sapiens	Eukaryota; Metazoa; Chordata; Craniata; Sarcopterygii; Mammalia; Euarchontoglires; Primates; Haplorrhini; Simiiformes; Catarrhini; Hominoidea; Hominidae; Homininae; Homo				
SRR7892471	NODE_614_length_1437_cov_0.203053	2574489.0	eukaryotes													
SRR7892471	NODE_735_length_1373_cov_1.386838	1868658.0	vertebrates,human	Human astrovirus	Viruses; Riboviria; Astroviridae; unclassified Astroviridae	NC_001943				9606.0	Homo sapiens	Eukaryota; Metazoa; Chordata; Craniata; Sarcopterygii; Mammalia; Euarchontoglires; Primates; Haplorrhini; Simiiformes; Catarrhini; Hominoidea; Hominidae; Homininae; Homo				
SRR7892471	NODE_808_length_1338_cov_0.249381	2576873.0	bacteria													
SRR7892471	NODE_813_length_1335_cov_2.722682	1914852.0	bacteria													
SRR7892471	NODE_819_length_1332_cov_0.973444	1914852.0	bacteria													
SRR7892471	NODE_820_length_1332_cov_0.424066	1233383.0	vertebrates	Human cosavirus	Viruses; Riboviria; Picornavirales; Picornaviridae; Cosavirus; unclassified Cosavirus	NC_023984				9606.0	Homo sapiens	Eukaryota; Metazoa; Chordata; Craniata; Sarcopterygii; Mammalia; Euarchontoglires; Primates; Haplorrhini; Simiiformes; Catarrhini; Hominoidea; Hominidae; Homininae; Homo		NCBI Virus, RefSeq		
SRR7892471	NODE_824_length_1331_cov_1.681894	1914852.0	bacteria													
SRR7892471	NODE_835_length_1327_cov_1.486667	2576874.0	bacteria													
SRR7892471	NODE_899_length_1303_cov_0.295918	1233383.0	vertebrates	Human cosavirus	Viruses; Riboviria; Picornavirales; Picornaviridae; Cosavirus; unclassified Cosavirus	NC_023984				9606.0	Homo sapiens	Eukaryota; Metazoa; Chordata; Craniata; Sarcopterygii; Mammalia; Euarchontoglires; Primates; Haplorrhini; Simiiformes; Catarrhini; Hominoidea; Hominidae; Homininae; Homo		NCBI Virus, RefSeq		
SRR7892471	NODE_920_length_1298_cov_2.072588	1914852.0	bacteria													
SRR7892471	NODE_947_length_1288_cov_0.907838	2548155.0	bacteria													
SRR7892471	NODE_1000_length_1269_cov_0.534151	1914852.0	bacteria													
SRR7892471	NODE_1104_length_1238_cov_1.000900	1914852.0	bacteria													
SRR7892471	NODE_1115_length_1234_cov_0.947606	2576873.0	bacteria													
SRR7892471	NODE_1126_length_1229_cov_2.303993	1868658.0	vertebrates,human	Human astrovirus	Viruses; Riboviria; Astroviridae; unclassified Astroviridae	NC_001943				9606.0	Homo sapiens	Eukaryota; Metazoa; Chordata; Craniata; Sarcopterygii; Mammalia; Euarchontoglires; Primates; Haplorrhini; Simiiformes; Catarrhini; Hominoidea; Hominidae; Homininae; Homo				
SRR7892471	NODE_1158_length_1220_cov_1.729186	2233993.0	bacteria													
SRR7892471	NODE_1159_length_1220_cov_0.424520	2576874.0	bacteria													
SRR7892471	NODE_1188_length_1213_cov_1.940147	2569973.0	bacteria													
SRR7892471	NODE_1356_length_1170_cov_1.500479	2070184.0	bacteria													
SRR7892471	NODE_1367_length_1168_cov_2.984630	2569973.0	bacteria													
SRR7892471	NODE_1383_length_1163_cov_1.030888	1914852.0	bacteria													
SRR7892471	NODE_1397_length_1159_cov_1.062016	1675606.0	bacteria	Escherichia phage Murica	Viruses; Caudovirales; Myoviridae; Vequintavirinae; Vequintavirus; Escherichia virus Murica	NC_041871				562.0	Escherichia coli	Bacteria; Proteobacteria; Gammaproteobacteria; Enterobacterales; Enterobacteriaceae; Escherichia		RefSeq		
SRR7892471	NODE_1445_length_1149_cov_2.827789	2070184.0	bacteria													
SRR7892471	NODE_1843_length_1072_cov_0.344974	1907787.0		Picobirnavirus sp.	Viruses; Riboviria; Picobirnaviridae; Picobirnavirus; unclassified Picobirnavirus	NC_040752, NC_040753				9858.0	Capreolus capreolus	Eukaryota; Metazoa; Chordata; Craniata; Sarcopterygii; Mammalia; Laurasiatheria; Ruminantia; Pecora; Cervidae; Odocoileinae; Capreolus		NCBI Virus		
SRR7892471	NODE_1850_length_1070_cov_0.409332	1914852.0	bacteria													
SRR7892471	NODE_1889_length_1062_cov_1.266310	2576874.0	bacteria													
SRR7892471	NODE_1917_length_1056_cov_0.615716	1233383.0	vertebrates	Human cosavirus	Viruses; Riboviria; Picornavirales; Picornaviridae; Cosavirus; unclassified Cosavirus	NC_023984				9606.0	Homo sapiens	Eukaryota; Metazoa; Chordata; Craniata; Sarcopterygii; Mammalia; Euarchontoglires; Primates; Haplorrhini; Simiiformes; Catarrhini; Hominoidea; Hominidae; Homininae; Homo		NCBI Virus, RefSeq		
SRR7892471	NODE_1919_length_1056_cov_0.263724	1131317.0	bacteria	Escherichia phage FV3	Viruses; Caudovirales; Myoviridae; Vequintavirinae; Vequintavirus; Escherichia virus FV3	NC_019517				562.0	Escherichia coli	Bacteria; Proteobacteria; Gammaproteobacteria; Enterobacterales; Enterobacteriaceae; Escherichia		RefSeq		
SRR7892471	NODE_1951_length_1050_cov_0.938245	2576873.0	bacteria													
SRR7892471	NODE_2086_length_1029_cov_2.393570	1508679.0	bacteria													
SRR7892471	NODE_2123_length_1023_cov_0.747768	2306966.0	bacteria													
SRR7892471	NODE_2135_length_1022_cov_1.618994	2569973.0	bacteria													
SRR7892471	NODE_2137_length_1022_cov_0.675978	2569973.0	bacteria													
SRR7892471	NODE_2178_length_1017_cov_1.061798	1914852.0	bacteria													
SRR7892471	NODE_2179_length_1017_cov_0.971910	1508676.0	bacteria													
SRR7892471	NODE_2346_length_994_cov_0.770473	2569973.0	bacteria													
SRR7892471	NODE_2357_length_993_cov_6.438799	2070184.0	bacteria													
SRR7892471	NODE_2403_length_985_cov_0.745921	2548055.0	bacteria													
SRR7892471	NODE_2535_length_969_cov_0.330166	2569973.0	bacteria													
SRR7892471	NODE_2574_length_963_cov_0.741627	2569973.0	bacteria													
SRR7892471	NODE_2584_length_961_cov_1.899281	1758150.0	bacteria													
SRR7892471	NODE_2587_length_961_cov_0.616307	2576874.0	bacteria													
SRR7892471	NODE_2662_length_951_cov_1.048544	1914852.0	bacteria													
SRR7892471	NODE_2727_length_943_cov_0.693627	2502307.0	bacteria													
SRR7892471	NODE_2739_length_942_cov_0.067485	1233383.0	vertebrates	Human cosavirus	Viruses; Riboviria; Picornavirales; Picornaviridae; Cosavirus; unclassified Cosavirus	NC_023984				9606.0	Homo sapiens	Eukaryota; Metazoa; Chordata; Craniata; Sarcopterygii; Mammalia; Euarchontoglires; Primates; Haplorrhini; Simiiformes; Catarrhini; Hominoidea; Hominidae; Homininae; Homo		NCBI Virus, RefSeq		
SRR7892471	NODE_3035_length_911_cov_2.080357	2569973.0	bacteria													
SRR7892471	NODE_3081_length_907_cov_1.919231	2576874.0	bacteria													
SRR7892471	NODE_3096_length_906_cov_1.563543	2070184.0	bacteria													
SRR7892471	NODE_3097_length_906_cov_0.441592	1233383.0	vertebrates	Human cosavirus	Viruses; Riboviria; Picornavirales; Picornaviridae; Cosavirus; unclassified Cosavirus	NC_023984				9606.0	Homo sapiens	Eukaryota; Metazoa; Chordata; Craniata; Sarcopterygii; Mammalia; Euarchontoglires; Primates; Haplorrhini; Simiiformes; Catarrhini; Hominoidea; Hominidae; Homininae; Homo		NCBI Virus, RefSeq		
SRR7892471	NODE_3116_length_904_cov_1.356499	2576874.0	bacteria													
SRR7892471	NODE_3136_length_902_cov_1.430968	1981500.0	bacteria	Escherichia phage V18	Viruses; Caudovirales; Myoviridae; Vequintavirinae; Vequintavirus; Escherichia virus V18	NC_041937				562.0	Escherichia coli	Bacteria; Proteobacteria; Gammaproteobacteria; Enterobacterales; Enterobacteriaceae; Escherichia		RefSeq		
SRR7892471	NODE_3173_length_899_cov_0.489637	38018.0	bacteria													
SRR7892471	NODE_3267_length_888_cov_0.339028	38018.0	bacteria													
SRR7892471	NODE_3284_length_886_cov_1.636364	1914852.0	bacteria													
SRR7892471	NODE_3356_length_881_cov_0.625995	1914852.0	bacteria													
SRR7892471	NODE_3503_length_869_cov_0.243935	2070186.0	bacteria													
SRR7892471	NODE_3523_length_868_cov_0.091768	2070186.0	bacteria													
SRR7892471	NODE_3678_length_856_cov_3.836763	2070184.0	bacteria													
SRR7892471	NODE_3680_length_856_cov_1.213992	1914852.0	bacteria													
SRR7892471	NODE_3722_length_853_cov_1.176309	1914852.0	bacteria													
SRR7892471	NODE_3732_length_852_cov_2.340690	2569973.0	bacteria													
SRR7892471	NODE_3737_length_852_cov_0.186207	2576873.0	bacteria													
SRR7892471	NODE_3796_length_847_cov_0.473611	2502307.0	bacteria													
SRR7892471	NODE_3858_length_843_cov_0.192737	1233383.0	vertebrates	Human cosavirus	Viruses; Riboviria; Picornavirales; Picornaviridae; Cosavirus; unclassified Cosavirus	NC_023984				9606.0	Homo sapiens	Eukaryota; Metazoa; Chordata; Craniata; Sarcopterygii; Mammalia; Euarchontoglires; Primates; Haplorrhini; Simiiformes; Catarrhini; Hominoidea; Hominidae; Homininae; Homo		NCBI Virus, RefSeq		
SRR7892471	NODE_3886_length_840_cov_0.565217	2548055.0	bacteria													
SRR7892471	NODE_3939_length_836_cov_0.348378	2070184.0	bacteria													
SRR7892471	NODE_3950_length_835_cov_1.971751	2548052.0	bacteria													
SRR7892471	NODE_4039_length_830_cov_0.226174	2569973.0	bacteria													
SRR7892471	NODE_4069_length_827_cov_1.118571	1914852.0	bacteria													
SRR7892471	NODE_4071_length_827_cov_0.778571	1907787.0		Picobirnavirus sp.	Viruses; Riboviria; Picobirnaviridae; Picobirnavirus; unclassified Picobirnavirus	NC_040752, NC_040753				9858.0	Capreolus capreolus	Eukaryota; Metazoa; Chordata; Craniata; Sarcopterygii; Mammalia; Laurasiatheria; Ruminantia; Pecora; Cervidae; Odocoileinae; Capreolus		NCBI Virus		
SRR7892471	NODE_4273_length_813_cov_1.017493	1131317.0	bacteria	Escherichia phage FV3	Viruses; Caudovirales; Myoviridae; Vequintavirinae; Vequintavirus; Escherichia virus FV3	NC_019517				562.0	Escherichia coli	Bacteria; Proteobacteria; Gammaproteobacteria; Enterobacterales; Enterobacteriaceae; Escherichia		RefSeq		
SRR7892471	NODE_4312_length_810_cov_2.632504	2548052.0	bacteria													
SRR7892471	NODE_4314_length_810_cov_0.910688	2099658.0	bacteria													
SRR7892471	NODE_4324_length_809_cov_4.577713	2070184.0	bacteria													
SRR7892471	NODE_4345_length_808_cov_3.046990	1131317.0	bacteria	Escherichia phage FV3	Viruses; Caudovirales; Myoviridae; Vequintavirinae; Vequintavirus; Escherichia virus FV3	NC_019517				562.0	Escherichia coli	Bacteria; Proteobacteria; Gammaproteobacteria; Enterobacterales; Enterobacteriaceae; Escherichia		RefSeq		
SRR7892471	NODE_4440_length_801_cov_1.471810	1914852.0	bacteria													
SRR7892471	NODE_4532_length_795_cov_0.432635	2569973.0	bacteria													
SRR7892471	NODE_4544_length_794_cov_0.332834	2548052.0	bacteria													
SRR7892471	NODE_4568_length_792_cov_2.604511	1914852.0	bacteria													
SRR7892471	NODE_4581_length_791_cov_1.228916	1914852.0	bacteria													
SRR7892471	NODE_4582_length_791_cov_1.176205	1914852.0	bacteria													
SRR7892471	NODE_4651_length_787_cov_0.974242	2576873.0	bacteria													
SRR7892471	NODE_4703_length_784_cov_0.727549	2569973.0	bacteria													
SRR7892471	NODE_4715_length_783_cov_2.408537	2233993.0	bacteria													
SRR7892471	NODE_4719_length_783_cov_0.736280	1131317.0	bacteria	Escherichia phage FV3	Viruses; Caudovirales; Myoviridae; Vequintavirinae; Vequintavirus; Escherichia virus FV3	NC_019517				562.0	Escherichia coli	Bacteria; Proteobacteria; Gammaproteobacteria; Enterobacterales; Enterobacteriaceae; Escherichia		RefSeq		
SRR7892471	NODE_4826_length_777_cov_0.113846	2099658.0	bacteria													
SRR7892471	NODE_4861_length_774_cov_0.879444	1986031.0	bacteria													
SRR7892471	NODE_4862_length_774_cov_0.482226	2306966.0	bacteria													
SRR7892471	NODE_4953_length_769_cov_0.387850	1907787.0		Picobirnavirus sp.	Viruses; Riboviria; Picobirnaviridae; Picobirnavirus; unclassified Picobirnavirus	NC_040752, NC_040753				9858.0	Capreolus capreolus	Eukaryota; Metazoa; Chordata; Craniata; Sarcopterygii; Mammalia; Laurasiatheria; Ruminantia; Pecora; Cervidae; Odocoileinae; Capreolus		NCBI Virus		
SRR7892471	NODE_4970_length_768_cov_0.879875	1655314.0	bacteria	Escherichia phage APCEc02	Viruses; Caudovirales; Myoviridae; Vequintavirinae; Vequintavirus; unclassified Vequintavirus	NC_041869				562.0	Escherichia coli	Bacteria; Proteobacteria; Gammaproteobacteria; Enterobacterales; Enterobacteriaceae; Escherichia		NCBI Virus, RefSeq		
SRR7892471	NODE_5008_length_766_cov_0.507042	1675606.0	bacteria	Escherichia phage Murica	Viruses; Caudovirales; Myoviridae; Vequintavirinae; Vequintavirus; Escherichia virus Murica	NC_041871				562.0	Escherichia coli	Bacteria; Proteobacteria; Gammaproteobacteria; Enterobacterales; Enterobacteriaceae; Escherichia		RefSeq		
SRR7892471	NODE_5125_length_759_cov_0.731013	1914852.0	bacteria													
SRR7892471	NODE_5161_length_756_cov_1.435612	2569973.0	bacteria													
SRR7892471	NODE_5163_length_756_cov_0.869634	2508197.0	bacteria													
SRR7892471	NODE_5200_length_754_cov_1.196172	1131317.0	bacteria	Escherichia phage FV3	Viruses; Caudovirales; Myoviridae; Vequintavirinae; Vequintavirus; Escherichia virus FV3	NC_019517				562.0	Escherichia coli	Bacteria; Proteobacteria; Gammaproteobacteria; Enterobacterales; Enterobacteriaceae; Escherichia		RefSeq		
SRR7892471	NODE_5343_length_747_cov_0.445161	1758150.0	bacteria													
SRR7892471	NODE_5386_length_745_cov_1.245955	1868658.0	vertebrates,human	Human astrovirus	Viruses; Riboviria; Astroviridae; unclassified Astroviridae	NC_001943				9606.0	Homo sapiens	Eukaryota; Metazoa; Chordata; Craniata; Sarcopterygii; Mammalia; Euarchontoglires; Primates; Haplorrhini; Simiiformes; Catarrhini; Hominoidea; Hominidae; Homininae; Homo				
SRR7892471	NODE_5453_length_742_cov_0.473171	2048062.0	bacteria													
SRR7892471	NODE_5508_length_739_cov_0.330065	1233383.0	vertebrates	Human cosavirus	Viruses; Riboviria; Picornavirales; Picornaviridae; Cosavirus; unclassified Cosavirus	NC_023984				9606.0	Homo sapiens	Eukaryota; Metazoa; Chordata; Craniata; Sarcopterygii; Mammalia; Euarchontoglires; Primates; Haplorrhini; Simiiformes; Catarrhini; Hominoidea; Hominidae; Homininae; Homo		NCBI Virus, RefSeq		
SRR7892471	NODE_5627_length_733_cov_0.533003	1131317.0	bacteria	Escherichia phage FV3	Viruses; Caudovirales; Myoviridae; Vequintavirinae; Vequintavirus; Escherichia virus FV3	NC_019517				562.0	Escherichia coli	Bacteria; Proteobacteria; Gammaproteobacteria; Enterobacterales; Enterobacteriaceae; Escherichia		RefSeq		
SRR7892471	NODE_5713_length_729_cov_0.596346	1914852.0	bacteria													
SRR7892471	NODE_5753_length_727_cov_0.631667	1914852.0	bacteria													
SRR7892471	NODE_6099_length_711_cov_1.880137	2070184.0	bacteria													
SRR7892471	NODE_6215_length_707_cov_0.468966	1914852.0	bacteria													
SRR7892471	NODE_6220_length_707_cov_0.298276	1233383.0	vertebrates	Human cosavirus	Viruses; Riboviria; Picornavirales; Picornaviridae; Cosavirus; unclassified Cosavirus	NC_023984				9606.0	Homo sapiens	Eukaryota; Metazoa; Chordata; Craniata; Sarcopterygii; Mammalia; Euarchontoglires; Primates; Haplorrhini; Simiiformes; Catarrhini; Hominoidea; Hominidae; Homininae; Homo		NCBI Virus, RefSeq		
SRR7892471	NODE_6299_length_703_cov_0.885417	1914852.0	bacteria													
SRR7892471	NODE_6306_length_703_cov_0.493056	1914852.0	bacteria													
SRR7892471	NODE_6378_length_700_cov_0.300175	1914852.0	bacteria													
SRR7892471	NODE_6393_length_699_cov_1.540210	2233993.0	bacteria													
SRR7892471	NODE_6395_length_699_cov_0.437063	2069609.0	bacteria													
SRR7892471	NODE_6454_length_696_cov_2.794376	2048062.0	bacteria													
SRR7892471	NODE_6506_length_694_cov_1.216931	2569973.0	bacteria													
SRR7892471	NODE_6508_length_694_cov_0.971781	1868658.0	vertebrates,human	Human astrovirus	Viruses; Riboviria; Astroviridae; unclassified Astroviridae	NC_001943				9606.0	Homo sapiens	Eukaryota; Metazoa; Chordata; Craniata; Sarcopterygii; Mammalia; Euarchontoglires; Primates; Haplorrhini; Simiiformes; Catarrhini; Hominoidea; Hominidae; Homininae; Homo				
SRR7892471	NODE_6534_length_693_cov_0.814488	1131317.0	bacteria	Escherichia phage FV3	Viruses; Caudovirales; Myoviridae; Vequintavirinae; Vequintavirus; Escherichia virus FV3	NC_019517				562.0	Escherichia coli	Bacteria; Proteobacteria; Gammaproteobacteria; Enterobacterales; Enterobacteriaceae; Escherichia		RefSeq		
SRR7892471	NODE_6747_length_684_cov_2.360862	1131317.0	bacteria	Escherichia phage FV3	Viruses; Caudovirales; Myoviridae; Vequintavirinae; Vequintavirus; Escherichia virus FV3	NC_019517				562.0	Escherichia coli	Bacteria; Proteobacteria; Gammaproteobacteria; Enterobacterales; Enterobacteriaceae; Escherichia		RefSeq		
SRR7892471	NODE_6773_length_683_cov_1.086331	2502307.0	bacteria													
SRR7892471	NODE_6889_length_678_cov_3.426497	1914852.0	bacteria													
SRR7892471	NODE_6934_length_676_cov_1.693989	2569973.0	bacteria													
SRR7892471	NODE_6935_length_676_cov_0.916211	2070184.0	bacteria													
SRR7892471	NODE_7123_length_668_cov_0.922366	1914852.0	bacteria													
SRR7892471	NODE_7129_length_668_cov_0.609982	1914852.0	bacteria													
SRR7892471	NODE_7730_length_647_cov_0.488462	1914852.0	bacteria													
SRR7892471	NODE_7831_length_644_cov_0.203095	2546635.0	bacteria													
SRR7892471	NODE_7925_length_640_cov_1.937622	1914852.0	bacteria													
SRR7892471	NODE_8086_length_634_cov_0.428008	1914852.0	bacteria													
SRR7892471	NODE_8152_length_632_cov_1.108911	2306966.0	bacteria													
SRR7892471	NODE_8160_length_632_cov_0.350495	1233383.0	vertebrates	Human cosavirus	Viruses; Riboviria; Picornavirales; Picornaviridae; Cosavirus; unclassified Cosavirus	NC_023984				9606.0	Homo sapiens	Eukaryota; Metazoa; Chordata; Craniata; Sarcopterygii; Mammalia; Euarchontoglires; Primates; Haplorrhini; Simiiformes; Catarrhini; Hominoidea; Hominidae; Homininae; Homo		NCBI Virus, RefSeq		
SRR7892471	NODE_8215_length_630_cov_2.795229	2569973.0	bacteria													
SRR7892471	NODE_8279_length_628_cov_0.824351	2070184.0	bacteria													
SRR7892471	NODE_8339_length_626_cov_1.042084	2569973.0	bacteria													
SRR7892471	NODE_8603_length_617_cov_0.989796	1131317.0	bacteria	Escherichia phage FV3	Viruses; Caudovirales; Myoviridae; Vequintavirinae; Vequintavirus; Escherichia virus FV3	NC_019517				562.0	Escherichia coli	Bacteria; Proteobacteria; Gammaproteobacteria; Enterobacterales; Enterobacteriaceae; Escherichia		RefSeq		
SRR7892471	NODE_8668_length_615_cov_1.022541	2502307.0	bacteria													
SRR7892471	NODE_8669_length_615_cov_0.686475	1914852.0	bacteria													
SRR7892471	NODE_8681_length_615_cov_0.235656	2548052.0	bacteria													
SRR7892471	NODE_8725_length_614_cov_0.047228	1474867.0	algae	Aureococcus anophagefferens virus	Viruses; Phycodnaviridae; unclassified Phycodnaviridae	NC_024697				44056.0	Aureococcus anophagefferens	Eukaryota; Pelagophyceae; Pelagomonadales; Aureococcus	25035289	Literature, NCBI Virus, RefSeq		
SRR7892471	NODE_8731_length_613_cov_1.530864	2048062.0	bacteria													
SRR7892471	NODE_8778_length_612_cov_0.072165	2070186.0	bacteria													
SRR7892471	NODE_8779_length_612_cov_0.055670	1233383.0	vertebrates	Human cosavirus	Viruses; Riboviria; Picornavirales; Picornaviridae; Cosavirus; unclassified Cosavirus	NC_023984				9606.0	Homo sapiens	Eukaryota; Metazoa; Chordata; Craniata; Sarcopterygii; Mammalia; Euarchontoglires; Primates; Haplorrhini; Simiiformes; Catarrhini; Hominoidea; Hominidae; Homininae; Homo		NCBI Virus, RefSeq		
SRR7892471	NODE_8780_length_612_cov_0.051546	1198140.0	bacteria													
SRR7892471	NODE_8869_length_609_cov_0.288382	1914852.0	bacteria													
SRR7892471	NODE_9033_length_605_cov_0.179916	2548043.0	bacteria													
SRR7892471	NODE_9075_length_604_cov_0.088050	1258572.0	bacteria	Escherichia phage EC1-UPM	Viruses; Caudovirales; Podoviridae; Gamaleyavirus; Escherichia virus EC1UPM	NC_041906				562.0	Escherichia coli	Bacteria; Proteobacteria; Gammaproteobacteria; Enterobacterales; Enterobacteriaceae; Escherichia		RefSeq		
SRR7892471	NODE_9407_length_596_cov_0.055437	2267885.0	bacteria													
SRR7892471	NODE_9504_length_593_cov_0.259657	2548043.0	bacteria													
SRR7892471	NODE_9608_length_590_cov_0.701944	1914852.0	bacteria													
SRR7892471	NODE_9616_length_590_cov_0.321814	2502307.0	bacteria													
SRR7892471	NODE_9649_length_589_cov_0.309524	2099658.0	bacteria													
SRR7892471	NODE_9671_length_589_cov_0.138528	1500734.0	bacteria	Lactobacillus phage Ld25A	Viruses; Caudovirales; Siphoviridae; Cequinquevirus; Lactobacillus virus Ld25A	NC_025415				1584.0	Lactobacillus delbrueckii	Bacteria; Firmicutes; Bacilli; Lactobacillales; Lactobacillaceae; Lactobacillus		RefSeq		
SRR7892471	NODE_10049_length_579_cov_0.325221	2576874.0	bacteria													
SRR7892471	NODE_10084_length_578_cov_0.933481	2591055.0	bacteria													
SRR7892471	NODE_10204_length_575_cov_0.970982	1758150.0	bacteria													
SRR7892471	NODE_10393_length_570_cov_1.094808	2576873.0	bacteria													
SRR7892471	NODE_10426_length_569_cov_2.570136	1914852.0	bacteria													
SRR7892471	NODE_10535_length_566_cov_1.277904	2070184.0	bacteria													
SRR7892471	NODE_10573_length_565_cov_0.810502	1655314.0	bacteria	Escherichia phage APCEc02	Viruses; Caudovirales; Myoviridae; Vequintavirinae; Vequintavirus; unclassified Vequintavirus	NC_041869				562.0	Escherichia coli	Bacteria; Proteobacteria; Gammaproteobacteria; Enterobacterales; Enterobacteriaceae; Escherichia		NCBI Virus, RefSeq		
SRR7892471	NODE_10637_length_564_cov_0.217391	10699.0	bacteria													
SRR7892471	NODE_10668_length_563_cov_0.527523	2576874.0	bacteria													
SRR7892471	NODE_10784_length_561_cov_0.126728	1449897.0	bacteria	Uncultured phage WW-nAnB strain 3	Viruses; Inoviridae; environmental samples	NC_026613				1.0	root		24410947	Literature	Organismal	9606.0
SRR7892471	NODE_10790_length_561_cov_0.069124	2047765.0	bacteria													
SRR7892471	NODE_10946_length_556_cov_4.018648	2576874.0	bacteria													
SRR7892471	NODE_11120_length_552_cov_1.305882	1131317.0	bacteria	Escherichia phage FV3	Viruses; Caudovirales; Myoviridae; Vequintavirinae; Vequintavirus; Escherichia virus FV3	NC_019517				562.0	Escherichia coli	Bacteria; Proteobacteria; Gammaproteobacteria; Enterobacterales; Enterobacteriaceae; Escherichia		RefSeq		
SRR7892471	NODE_11342_length_548_cov_0.380048	2548055.0	bacteria													
SRR7892471	NODE_11381_length_547_cov_0.654762	1914852.0	bacteria													
SRR7892471	NODE_11382_length_547_cov_0.592857	1914852.0	bacteria													
SRR7892471	NODE_11444_length_546_cov_0.579952	1914852.0	bacteria													
SRR7892471	NODE_11594_length_543_cov_0.350962	2202644.0	bacteria													
SRR7892471	NODE_11649_length_543_cov_0.031250	2070186.0	bacteria													
SRR7892471	NODE_11708_length_541_cov_1.526570	2576873.0	bacteria													
SRR7892471	NODE_11722_length_541_cov_0.357488	1914852.0	bacteria													
SRR7892471	NODE_12002_length_535_cov_0.747549	1914852.0	bacteria													
SRR7892471	NODE_12070_length_534_cov_0.287469	1758150.0	bacteria													
SRR7892471	NODE_12113_length_533_cov_4.086207	1914852.0	bacteria													
SRR7892471	NODE_12159_length_532_cov_1.955556	2576873.0	bacteria													
SRR7892471	NODE_12433_length_527_cov_0.887500	1655314.0	bacteria	Escherichia phage APCEc02	Viruses; Caudovirales; Myoviridae; Vequintavirinae; Vequintavirus; unclassified Vequintavirus	NC_041869				562.0	Escherichia coli	Bacteria; Proteobacteria; Gammaproteobacteria; Enterobacterales; Enterobacteriaceae; Escherichia		NCBI Virus, RefSeq		
SRR7892471	NODE_12646_length_523_cov_0.176768	2548155.0	bacteria													
SRR7892471	NODE_12720_length_521_cov_2.182741	2099658.0	bacteria													
SRR7892471	NODE_12786_length_520_cov_0.875318	1914852.0	bacteria													
SRR7892471	NODE_12788_length_520_cov_0.709924	1914852.0	bacteria													
SRR7892471	NODE_12795_length_520_cov_0.274809	1914852.0	bacteria													
SRR7892471	NODE_12824_length_519_cov_1.084184	2576874.0	bacteria													
SRR7892471	NODE_12874_length_518_cov_1.524297	2576874.0	bacteria													
SRR7892471	NODE_13045_length_515_cov_1.953608	1914852.0	bacteria													
SRR7892471	NODE_13570_length_505_cov_2.100529	1131317.0	bacteria	Escherichia phage FV3	Viruses; Caudovirales; Myoviridae; Vequintavirinae; Vequintavirus; Escherichia virus FV3	NC_019517				562.0	Escherichia coli	Bacteria; Proteobacteria; Gammaproteobacteria; Enterobacterales; Enterobacteriaceae; Escherichia		RefSeq		
SRR7892471	NODE_13573_length_505_cov_0.761905	1914852.0	bacteria													
SRR7892471	NODE_13574_length_505_cov_0.515873	1986031.0	bacteria													
SRR7892471	NODE_13577_length_505_cov_0.444444	2099658.0	bacteria													
SRR7892471	NODE_13640_length_504_cov_0.753316	1914852.0	bacteria													
SRR7892471	NODE_13661_length_504_cov_0.228117	1233383.0	vertebrates	Human cosavirus	Viruses; Riboviria; Picornavirales; Picornaviridae; Cosavirus; unclassified Cosavirus	NC_023984				9606.0	Homo sapiens	Eukaryota; Metazoa; Chordata; Craniata; Sarcopterygii; Mammalia; Euarchontoglires; Primates; Haplorrhini; Simiiformes; Catarrhini; Hominoidea; Hominidae; Homininae; Homo		NCBI Virus, RefSeq		
SRR7892471	NODE_13939_length_500_cov_0.085791	1920753.0	bacteria													
SRR7892478	NODE_8_length_4026_cov_0.098743	1476889.0	bacteria	Lactococcus phage P162	Viruses; Caudovirales; Siphoviridae; unclassified Siphoviridae	NC_024214				1358.0	Lactococcus lactis	Bacteria; Firmicutes; Bacilli; Lactobacillales; Streptococcaceae; Lactococcus		NCBI Virus, RefSeq		
SRR7892478	NODE_14_length_3325_cov_55.737336	28875.0	vertebrates,human	Rotavirus A	Viruses; Riboviria; Reoviridae; Sedoreovirinae; Rotavirus	NC_011500, NC_011501, NC_011502, NC_011503, NC_011504, NC_011505, NC_011506, NC_011507, NC_011508, NC_011509, NC_011510	T40092	H00975, H01430	Rotaviral enteritis; Rotaviral gastroenteritis, Viral gastroenteritis	9606.0	Homo sapiens	Eukaryota; Metazoa; Chordata; Craniata; Sarcopterygii; Mammalia; Euarchontoglires; Primates; Haplorrhini; Simiiformes; Catarrhini; Hominoidea; Hominidae; Homininae; Homo				
SRR7892478	NODE_14_length_3325_cov_55.737336	28875.0	vertebrates,human	Rotavirus A	Viruses; Riboviria; Reoviridae; Sedoreovirinae; Rotavirus	NC_011500, NC_011501, NC_011502, NC_011503, NC_011504, NC_011505, NC_011506, NC_011507, NC_011508, NC_011509, NC_011510	T40092	H00975, H01430	Rotaviral enteritis; Rotaviral gastroenteritis, Viral gastroenteritis	60710.0	Chlorocebus pygerythrus	Eukaryota; Metazoa; Chordata; Craniata; Sarcopterygii; Mammalia; Euarchontoglires; Primates; Haplorrhini; Simiiformes; Catarrhini; Cercopithecoidea; Cercopithecidae; Cercopithecinae; Chlorocebus		UniProt		
SRR7892478	NODE_17_length_3105_cov_0.079248	538121.0	vertebrates													
SRR7892478	NODE_18_length_2868_cov_0.083911	1193974.0	vertebrates	Human enterovirus	Viruses; Riboviria; Picornavirales; Picornaviridae; Enterovirus; unclassified Enterovirus	NC_030454				9606.0	Homo sapiens	Eukaryota; Metazoa; Chordata; Craniata; Sarcopterygii; Mammalia; Euarchontoglires; Primates; Haplorrhini; Simiiformes; Catarrhini; Hominoidea; Hominidae; Homininae; Homo		NCBI Virus, RefSeq		
SRR7892478	NODE_19_length_2753_cov_36.168698	28875.0	vertebrates,human	Rotavirus A	Viruses; Riboviria; Reoviridae; Sedoreovirinae; Rotavirus	NC_011500, NC_011501, NC_011502, NC_011503, NC_011504, NC_011505, NC_011506, NC_011507, NC_011508, NC_011509, NC_011510	T40092	H00975, H01430	Rotaviral enteritis; Rotaviral gastroenteritis, Viral gastroenteritis	9606.0	Homo sapiens	Eukaryota; Metazoa; Chordata; Craniata; Sarcopterygii; Mammalia; Euarchontoglires; Primates; Haplorrhini; Simiiformes; Catarrhini; Hominoidea; Hominidae; Homininae; Homo				
SRR7892478	NODE_19_length_2753_cov_36.168698	28875.0	vertebrates,human	Rotavirus A	Viruses; Riboviria; Reoviridae; Sedoreovirinae; Rotavirus	NC_011500, NC_011501, NC_011502, NC_011503, NC_011504, NC_011505, NC_011506, NC_011507, NC_011508, NC_011509, NC_011510	T40092	H00975, H01430	Rotaviral enteritis; Rotaviral gastroenteritis, Viral gastroenteritis	60710.0	Chlorocebus pygerythrus	Eukaryota; Metazoa; Chordata; Craniata; Sarcopterygii; Mammalia; Euarchontoglires; Primates; Haplorrhini; Simiiformes; Catarrhini; Cercopithecoidea; Cercopithecidae; Cercopithecinae; Chlorocebus		UniProt		
SRR7892478	NODE_22_length_2659_cov_0.045419	1758150.0	bacteria													
SRR7892478	NODE_24_length_2534_cov_0.068135	1193974.0	vertebrates	Human enterovirus	Viruses; Riboviria; Picornavirales; Picornaviridae; Enterovirus; unclassified Enterovirus	NC_030454				9606.0	Homo sapiens	Eukaryota; Metazoa; Chordata; Craniata; Sarcopterygii; Mammalia; Euarchontoglires; Primates; Haplorrhini; Simiiformes; Catarrhini; Hominoidea; Hominidae; Homininae; Homo		NCBI Virus, RefSeq		
SRR7892478	NODE_30_length_2095_cov_0.037602	538121.0	vertebrates													
SRR7892478	NODE_36_length_1955_cov_0.091904	538121.0	vertebrates													
SRR7892478	NODE_42_length_1879_cov_0.100457	538121.0	vertebrates													
SRR7892478	NODE_52_length_1680_cov_0.448165	1758150.0	bacteria													
SRR7892478	NODE_57_length_1648_cov_0.069691	1193974.0	vertebrates	Human enterovirus	Viruses; Riboviria; Picornavirales; Picornaviridae; Enterovirus; unclassified Enterovirus	NC_030454				9606.0	Homo sapiens	Eukaryota; Metazoa; Chordata; Craniata; Sarcopterygii; Mammalia; Euarchontoglires; Primates; Haplorrhini; Simiiformes; Catarrhini; Hominoidea; Hominidae; Homininae; Homo		NCBI Virus, RefSeq		
SRR7892478	NODE_61_length_1609_cov_93.253711	28875.0	vertebrates,human	Rotavirus A	Viruses; Riboviria; Reoviridae; Sedoreovirinae; Rotavirus	NC_011500, NC_011501, NC_011502, NC_011503, NC_011504, NC_011505, NC_011506, NC_011507, NC_011508, NC_011509, NC_011510	T40092	H00975, H01430	Rotaviral enteritis; Rotaviral gastroenteritis, Viral gastroenteritis	9606.0	Homo sapiens	Eukaryota; Metazoa; Chordata; Craniata; Sarcopterygii; Mammalia; Euarchontoglires; Primates; Haplorrhini; Simiiformes; Catarrhini; Hominoidea; Hominidae; Homininae; Homo				
SRR7892478	NODE_61_length_1609_cov_93.253711	28875.0	vertebrates,human	Rotavirus A	Viruses; Riboviria; Reoviridae; Sedoreovirinae; Rotavirus	NC_011500, NC_011501, NC_011502, NC_011503, NC_011504, NC_011505, NC_011506, NC_011507, NC_011508, NC_011509, NC_011510	T40092	H00975, H01430	Rotaviral enteritis; Rotaviral gastroenteritis, Viral gastroenteritis	60710.0	Chlorocebus pygerythrus	Eukaryota; Metazoa; Chordata; Craniata; Sarcopterygii; Mammalia; Euarchontoglires; Primates; Haplorrhini; Simiiformes; Catarrhini; Cercopithecoidea; Cercopithecidae; Cercopithecinae; Chlorocebus		UniProt		
SRR7892478	NODE_67_length_1539_cov_43.048159	28875.0	vertebrates,human	Rotavirus A	Viruses; Riboviria; Reoviridae; Sedoreovirinae; Rotavirus	NC_011500, NC_011501, NC_011502, NC_011503, NC_011504, NC_011505, NC_011506, NC_011507, NC_011508, NC_011509, NC_011510	T40092	H00975, H01430	Rotaviral enteritis; Rotaviral gastroenteritis, Viral gastroenteritis	9606.0	Homo sapiens	Eukaryota; Metazoa; Chordata; Craniata; Sarcopterygii; Mammalia; Euarchontoglires; Primates; Haplorrhini; Simiiformes; Catarrhini; Hominoidea; Hominidae; Homininae; Homo				
SRR7892478	NODE_67_length_1539_cov_43.048159	28875.0	vertebrates,human	Rotavirus A	Viruses; Riboviria; Reoviridae; Sedoreovirinae; Rotavirus	NC_011500, NC_011501, NC_011502, NC_011503, NC_011504, NC_011505, NC_011506, NC_011507, NC_011508, NC_011509, NC_011510	T40092	H00975, H01430	Rotaviral enteritis; Rotaviral gastroenteritis, Viral gastroenteritis	60710.0	Chlorocebus pygerythrus	Eukaryota; Metazoa; Chordata; Craniata; Sarcopterygii; Mammalia; Euarchontoglires; Primates; Haplorrhini; Simiiformes; Catarrhini; Cercopithecoidea; Cercopithecidae; Cercopithecinae; Chlorocebus		UniProt		
SRR7892478	NODE_75_length_1451_cov_0.163142	538121.0	vertebrates													
SRR7892478	NODE_79_length_1365_cov_61.571890	28875.0	vertebrates,human	Rotavirus A	Viruses; Riboviria; Reoviridae; Sedoreovirinae; Rotavirus	NC_011500, NC_011501, NC_011502, NC_011503, NC_011504, NC_011505, NC_011506, NC_011507, NC_011508, NC_011509, NC_011510	T40092	H00975, H01430	Rotaviral enteritis; Rotaviral gastroenteritis, Viral gastroenteritis	9606.0	Homo sapiens	Eukaryota; Metazoa; Chordata; Craniata; Sarcopterygii; Mammalia; Euarchontoglires; Primates; Haplorrhini; Simiiformes; Catarrhini; Hominoidea; Hominidae; Homininae; Homo				
SRR7892478	NODE_79_length_1365_cov_61.571890	28875.0	vertebrates,human	Rotavirus A	Viruses; Riboviria; Reoviridae; Sedoreovirinae; Rotavirus	NC_011500, NC_011501, NC_011502, NC_011503, NC_011504, NC_011505, NC_011506, NC_011507, NC_011508, NC_011509, NC_011510	T40092	H00975, H01430	Rotaviral enteritis; Rotaviral gastroenteritis, Viral gastroenteritis	60710.0	Chlorocebus pygerythrus	Eukaryota; Metazoa; Chordata; Craniata; Sarcopterygii; Mammalia; Euarchontoglires; Primates; Haplorrhini; Simiiformes; Catarrhini; Cercopithecoidea; Cercopithecidae; Cercopithecinae; Chlorocebus		UniProt		
SRR7892478	NODE_84_length_1308_cov_0.092295	538121.0	vertebrates													
SRR7892478	NODE_88_length_1270_cov_0.063867	538121.0	vertebrates													
SRR7892478	NODE_90_length_1268_cov_0.131464	538121.0	vertebrates													
SRR7892478	NODE_93_length_1245_cov_37.978533	28875.0	vertebrates,human	Rotavirus A	Viruses; Riboviria; Reoviridae; Sedoreovirinae; Rotavirus	NC_011500, NC_011501, NC_011502, NC_011503, NC_011504, NC_011505, NC_011506, NC_011507, NC_011508, NC_011509, NC_011510	T40092	H00975, H01430	Rotaviral enteritis; Rotaviral gastroenteritis, Viral gastroenteritis	9606.0	Homo sapiens	Eukaryota; Metazoa; Chordata; Craniata; Sarcopterygii; Mammalia; Euarchontoglires; Primates; Haplorrhini; Simiiformes; Catarrhini; Hominoidea; Hominidae; Homininae; Homo				
SRR7892478	NODE_93_length_1245_cov_37.978533	28875.0	vertebrates,human	Rotavirus A	Viruses; Riboviria; Reoviridae; Sedoreovirinae; Rotavirus	NC_011500, NC_011501, NC_011502, NC_011503, NC_011504, NC_011505, NC_011506, NC_011507, NC_011508, NC_011509, NC_011510	T40092	H00975, H01430	Rotaviral enteritis; Rotaviral gastroenteritis, Viral gastroenteritis	60710.0	Chlorocebus pygerythrus	Eukaryota; Metazoa; Chordata; Craniata; Sarcopterygii; Mammalia; Euarchontoglires; Primates; Haplorrhini; Simiiformes; Catarrhini; Cercopithecoidea; Cercopithecidae; Cercopithecinae; Chlorocebus		UniProt		
SRR7892478	NODE_97_length_1193_cov_31.234522	28875.0	vertebrates,human	Rotavirus A	Viruses; Riboviria; Reoviridae; Sedoreovirinae; Rotavirus	NC_011500, NC_011501, NC_011502, NC_011503, NC_011504, NC_011505, NC_011506, NC_011507, NC_011508, NC_011509, NC_011510	T40092	H00975, H01430	Rotaviral enteritis; Rotaviral gastroenteritis, Viral gastroenteritis	9606.0	Homo sapiens	Eukaryota; Metazoa; Chordata; Craniata; Sarcopterygii; Mammalia; Euarchontoglires; Primates; Haplorrhini; Simiiformes; Catarrhini; Hominoidea; Hominidae; Homininae; Homo				
SRR7892478	NODE_97_length_1193_cov_31.234522	28875.0	vertebrates,human	Rotavirus A	Viruses; Riboviria; Reoviridae; Sedoreovirinae; Rotavirus	NC_011500, NC_011501, NC_011502, NC_011503, NC_011504, NC_011505, NC_011506, NC_011507, NC_011508, NC_011509, NC_011510	T40092	H00975, H01430	Rotaviral enteritis; Rotaviral gastroenteritis, Viral gastroenteritis	60710.0	Chlorocebus pygerythrus	Eukaryota; Metazoa; Chordata; Craniata; Sarcopterygii; Mammalia; Euarchontoglires; Primates; Haplorrhini; Simiiformes; Catarrhini; Cercopithecoidea; Cercopithecidae; Cercopithecinae; Chlorocebus		UniProt		
SRR7892478	NODE_105_length_1101_cov_0.170431	538121.0	vertebrates													
SRR7892478	NODE_109_length_1077_cov_32.128421	28875.0	vertebrates,human	Rotavirus A	Viruses; Riboviria; Reoviridae; Sedoreovirinae; Rotavirus	NC_011500, NC_011501, NC_011502, NC_011503, NC_011504, NC_011505, NC_011506, NC_011507, NC_011508, NC_011509, NC_011510	T40092	H00975, H01430	Rotaviral enteritis; Rotaviral gastroenteritis, Viral gastroenteritis	9606.0	Homo sapiens	Eukaryota; Metazoa; Chordata; Craniata; Sarcopterygii; Mammalia; Euarchontoglires; Primates; Haplorrhini; Simiiformes; Catarrhini; Hominoidea; Hominidae; Homininae; Homo				
SRR7892478	NODE_109_length_1077_cov_32.128421	28875.0	vertebrates,human	Rotavirus A	Viruses; Riboviria; Reoviridae; Sedoreovirinae; Rotavirus	NC_011500, NC_011501, NC_011502, NC_011503, NC_011504, NC_011505, NC_011506, NC_011507, NC_011508, NC_011509, NC_011510	T40092	H00975, H01430	Rotaviral enteritis; Rotaviral gastroenteritis, Viral gastroenteritis	60710.0	Chlorocebus pygerythrus	Eukaryota; Metazoa; Chordata; Craniata; Sarcopterygii; Mammalia; Euarchontoglires; Primates; Haplorrhini; Simiiformes; Catarrhini; Cercopithecoidea; Cercopithecidae; Cercopithecinae; Chlorocebus		UniProt		
SRR7892478	NODE_114_length_1041_cov_10.656455	28875.0	vertebrates,human	Rotavirus A	Viruses; Riboviria; Reoviridae; Sedoreovirinae; Rotavirus	NC_011500, NC_011501, NC_011502, NC_011503, NC_011504, NC_011505, NC_011506, NC_011507, NC_011508, NC_011509, NC_011510	T40092	H00975, H01430	Rotaviral enteritis; Rotaviral gastroenteritis, Viral gastroenteritis	9606.0	Homo sapiens	Eukaryota; Metazoa; Chordata; Craniata; Sarcopterygii; Mammalia; Euarchontoglires; Primates; Haplorrhini; Simiiformes; Catarrhini; Hominoidea; Hominidae; Homininae; Homo				
SRR7892478	NODE_114_length_1041_cov_10.656455	28875.0	vertebrates,human	Rotavirus A	Viruses; Riboviria; Reoviridae; Sedoreovirinae; Rotavirus	NC_011500, NC_011501, NC_011502, NC_011503, NC_011504, NC_011505, NC_011506, NC_011507, NC_011508, NC_011509, NC_011510	T40092	H00975, H01430	Rotaviral enteritis; Rotaviral gastroenteritis, Viral gastroenteritis	60710.0	Chlorocebus pygerythrus	Eukaryota; Metazoa; Chordata; Craniata; Sarcopterygii; Mammalia; Euarchontoglires; Primates; Haplorrhini; Simiiformes; Catarrhini; Cercopithecoidea; Cercopithecidae; Cercopithecinae; Chlorocebus		UniProt		
SRR7892478	NODE_121_length_1022_cov_0.061453	1758150.0	bacteria													
SRR7892478	NODE_122_length_1014_cov_0.000000	2070188.0	bacteria													
SRR7892478	NODE_125_length_998_cov_0.028703	533185.0	vertebrates													
SRR7892478	NODE_133_length_955_cov_0.045894	533185.0	vertebrates													
SRR7892478	NODE_137_length_951_cov_0.029126	538121.0	vertebrates													
SRR7892478	NODE_138_length_950_cov_22.855407	28875.0	vertebrates,human	Rotavirus A	Viruses; Riboviria; Reoviridae; Sedoreovirinae; Rotavirus	NC_011500, NC_011501, NC_011502, NC_011503, NC_011504, NC_011505, NC_011506, NC_011507, NC_011508, NC_011509, NC_011510	T40092	H00975, H01430	Rotaviral enteritis; Rotaviral gastroenteritis, Viral gastroenteritis	9606.0	Homo sapiens	Eukaryota; Metazoa; Chordata; Craniata; Sarcopterygii; Mammalia; Euarchontoglires; Primates; Haplorrhini; Simiiformes; Catarrhini; Hominoidea; Hominidae; Homininae; Homo				
SRR7892478	NODE_138_length_950_cov_22.855407	28875.0	vertebrates,human	Rotavirus A	Viruses; Riboviria; Reoviridae; Sedoreovirinae; Rotavirus	NC_011500, NC_011501, NC_011502, NC_011503, NC_011504, NC_011505, NC_011506, NC_011507, NC_011508, NC_011509, NC_011510	T40092	H00975, H01430	Rotaviral enteritis; Rotaviral gastroenteritis, Viral gastroenteritis	60710.0	Chlorocebus pygerythrus	Eukaryota; Metazoa; Chordata; Craniata; Sarcopterygii; Mammalia; Euarchontoglires; Primates; Haplorrhini; Simiiformes; Catarrhini; Cercopithecoidea; Cercopithecidae; Cercopithecinae; Chlorocebus		UniProt		
SRR7892478	NODE_167_length_816_cov_0.126270	538121.0	vertebrates													
SRR7892478	NODE_175_length_779_cov_11.136503	28875.0	vertebrates,human	Rotavirus A	Viruses; Riboviria; Reoviridae; Sedoreovirinae; Rotavirus	NC_011500, NC_011501, NC_011502, NC_011503, NC_011504, NC_011505, NC_011506, NC_011507, NC_011508, NC_011509, NC_011510	T40092	H00975, H01430	Rotaviral enteritis; Rotaviral gastroenteritis, Viral gastroenteritis	9606.0	Homo sapiens	Eukaryota; Metazoa; Chordata; Craniata; Sarcopterygii; Mammalia; Euarchontoglires; Primates; Haplorrhini; Simiiformes; Catarrhini; Hominoidea; Hominidae; Homininae; Homo				
SRR7892478	NODE_175_length_779_cov_11.136503	28875.0	vertebrates,human	Rotavirus A	Viruses; Riboviria; Reoviridae; Sedoreovirinae; Rotavirus	NC_011500, NC_011501, NC_011502, NC_011503, NC_011504, NC_011505, NC_011506, NC_011507, NC_011508, NC_011509, NC_011510	T40092	H00975, H01430	Rotaviral enteritis; Rotaviral gastroenteritis, Viral gastroenteritis	60710.0	Chlorocebus pygerythrus	Eukaryota; Metazoa; Chordata; Craniata; Sarcopterygii; Mammalia; Euarchontoglires; Primates; Haplorrhini; Simiiformes; Catarrhini; Cercopithecoidea; Cercopithecidae; Cercopithecinae; Chlorocebus		UniProt		
SRR7892478	NODE_183_length_758_cov_0.017433	411152.0	vertebrates	Human parechovirus 6	Viruses; Riboviria; Picornavirales; Picornaviridae; Parechovirus; Parechovirus A	AB252582				9606.0	Homo sapiens	Eukaryota; Metazoa; Chordata; Craniata; Sarcopterygii; Mammalia; Euarchontoglires; Primates; Haplorrhini; Simiiformes; Catarrhini; Hominoidea; Hominidae; Homininae; Homo				
SRR7892478	NODE_185_length_751_cov_0.008013	12063.0	vertebrates	Human parechovirus 1	Viruses; Riboviria; Picornavirales; Picornaviridae; Parechovirus; Parechovirus A	NC_038319				9606.0	Homo sapiens	Eukaryota; Metazoa; Chordata; Craniata; Sarcopterygii; Mammalia; Euarchontoglires; Primates; Haplorrhini; Simiiformes; Catarrhini; Hominoidea; Hominidae; Homininae; Homo				
SRR7892478	NODE_212_length_701_cov_0.094077	538121.0	vertebrates													
SRR7892478	NODE_240_length_653_cov_154.551331	28875.0	vertebrates,human	Rotavirus A	Viruses; Riboviria; Reoviridae; Sedoreovirinae; Rotavirus	NC_011500, NC_011501, NC_011502, NC_011503, NC_011504, NC_011505, NC_011506, NC_011507, NC_011508, NC_011509, NC_011510	T40092	H00975, H01430	Rotaviral enteritis; Rotaviral gastroenteritis, Viral gastroenteritis	9606.0	Homo sapiens	Eukaryota; Metazoa; Chordata; Craniata; Sarcopterygii; Mammalia; Euarchontoglires; Primates; Haplorrhini; Simiiformes; Catarrhini; Hominoidea; Hominidae; Homininae; Homo				
SRR7892478	NODE_240_length_653_cov_154.551331	28875.0	vertebrates,human	Rotavirus A	Viruses; Riboviria; Reoviridae; Sedoreovirinae; Rotavirus	NC_011500, NC_011501, NC_011502, NC_011503, NC_011504, NC_011505, NC_011506, NC_011507, NC_011508, NC_011509, NC_011510	T40092	H00975, H01430	Rotaviral enteritis; Rotaviral gastroenteritis, Viral gastroenteritis	60710.0	Chlorocebus pygerythrus	Eukaryota; Metazoa; Chordata; Craniata; Sarcopterygii; Mammalia; Euarchontoglires; Primates; Haplorrhini; Simiiformes; Catarrhini; Cercopithecoidea; Cercopithecidae; Cercopithecinae; Chlorocebus		UniProt		
SRR7892478	NODE_241_length_650_cov_0.829828	538121.0	vertebrates													
SRR7892478	NODE_267_length_626_cov_0.040080	533185.0	vertebrates													
SRR7892478	NODE_269_length_624_cov_0.241449	538121.0	vertebrates													
SRR7892478	NODE_276_length_617_cov_0.163265	538121.0	vertebrates													
SRR7892478	NODE_283_length_609_cov_0.923237	1758150.0	bacteria													
SRR7892478	NODE_301_length_582_cov_5.270330	28875.0	vertebrates,human	Rotavirus A	Viruses; Riboviria; Reoviridae; Sedoreovirinae; Rotavirus	NC_011500, NC_011501, NC_011502, NC_011503, NC_011504, NC_011505, NC_011506, NC_011507, NC_011508, NC_011509, NC_011510	T40092	H00975, H01430	Rotaviral enteritis; Rotaviral gastroenteritis, Viral gastroenteritis	9606.0	Homo sapiens	Eukaryota; Metazoa; Chordata; Craniata; Sarcopterygii; Mammalia; Euarchontoglires; Primates; Haplorrhini; Simiiformes; Catarrhini; Hominoidea; Hominidae; Homininae; Homo				
SRR7892478	NODE_301_length_582_cov_5.270330	28875.0	vertebrates,human	Rotavirus A	Viruses; Riboviria; Reoviridae; Sedoreovirinae; Rotavirus	NC_011500, NC_011501, NC_011502, NC_011503, NC_011504, NC_011505, NC_011506, NC_011507, NC_011508, NC_011509, NC_011510	T40092	H00975, H01430	Rotaviral enteritis; Rotaviral gastroenteritis, Viral gastroenteritis	60710.0	Chlorocebus pygerythrus	Eukaryota; Metazoa; Chordata; Craniata; Sarcopterygii; Mammalia; Euarchontoglires; Primates; Haplorrhini; Simiiformes; Catarrhini; Cercopithecoidea; Cercopithecidae; Cercopithecinae; Chlorocebus		UniProt		
SRR7892478	NODE_305_length_578_cov_0.155211	538121.0	vertebrates													
SRR7892478	NODE_307_length_574_cov_0.221477	538121.0	vertebrates													
SRR7892478	NODE_324_length_562_cov_0.370115	538121.0	vertebrates													
SRR7892476	NODE_1_length_14540_cov_24.545965	2601621.0	bacteria													
SRR7892476	NODE_2_length_9987_cov_62.420487	2492437.0	bacteria													
SRR7892476	NODE_3_length_8262_cov_58.274616	532077.0	bacteria	Klebsiella phage K11	Viruses; Caudovirales; Podoviridae; Autographivirinae; Przondovirus; Klebsiella virus K11	NC_011043				1497796.0	Klebsiella sp. 390	Bacteria; Proteobacteria; Gammaproteobacteria; Enterobacterales; Enterobacteriaceae; Klebsiella		RefSeq		
SRR7892476	NODE_6_length_6856_cov_56.430227	2282629.0	bacteria													
SRR7892476	NODE_8_length_5693_cov_9.180740	196894.0	bacteria													
SRR7892476	NODE_9_length_5277_cov_21.713204	10699.0	bacteria													
SRR7892476	NODE_15_length_4312_cov_17.803106	691964.0	bacteria	Rhodococcus phage ReqiPoco6	Viruses; Caudovirales; Siphoviridae; Pepyhexavirus; Rhodococcus virus Poco6	NC_023694				43767.0	Rhodococcus hoagii	Bacteria; Actinobacteria; Actinobacteria; Corynebacteriales; Nocardiaceae; Rhodococcus		RefSeq		
SRR7892476	NODE_16_length_4097_cov_7.237280	2575323.0	bacteria													
SRR7892476	NODE_22_length_3110_cov_15.807576	2202559.0	bacteria													
SRR7892476	NODE_38_length_2454_cov_3.988827	2212563.0	bacteria													
SRR7892476	NODE_40_length_2422_cov_16.230501	1654927.0	bacteria	Klebsiella phage PKP126	Viruses; Caudovirales; Siphoviridae; Tunavirinae; Webervirus; Klebsiella virus PKP126	NC_031053				1049565.0	Klebsiella pneumoniae KCTC 2242	Bacteria; Proteobacteria; Gammaproteobacteria; Enterobacterales; Enterobacteriaceae; Klebsiella		RefSeq		
SRR7892476	NODE_45_length_2350_cov_3.046334	2589652.0	bacteria													
SRR7892476	NODE_49_length_2257_cov_0.574648	2340716.0	bacteria													
SRR7892476	NODE_51_length_2218_cov_3.764228	1982370.0	bacteria													
SRR7892476	NODE_54_length_2187_cov_3.115534	2212563.0	bacteria													
SRR7892476	NODE_58_length_2132_cov_1.468329	1907784.0	bacteria													
SRR7892476	NODE_59_length_2119_cov_1.084337	2053702.0	bacteria													
SRR7892476	NODE_60_length_2117_cov_3.497487	10726.0	bacteria	Escherichia virus T5	Viruses; Caudovirales; Siphoviridae; Tequintavirus	NC_005859				562.0	Escherichia coli	Bacteria; Proteobacteria; Gammaproteobacteria; Enterobacterales; Enterobacteriaceae; Escherichia		NCBI Virus, RefSeq, UniProt		
SRR7892476	NODE_66_length_2059_cov_0.203934	2099850.0	bacteria													
SRR7892476	NODE_69_length_2035_cov_17.593816	2212563.0	bacteria													
SRR7892476	NODE_72_length_1998_cov_6.505612	1927013.0	bacteria	Aquamicrobium phage P14	Viruses; Caudovirales; Podoviridae; Aqualcavirus; Aquamicrobium virus P14	NC_041912				658602.0	Aquamicrobium sp. H14	Bacteria; Proteobacteria; Alphaproteobacteria; Rhizobiales; Phyllobacteriaceae; Aquamicrobium		RefSeq		
SRR7892476	NODE_79_length_1945_cov_0.209021	2212563.0	bacteria													
SRR7892476	NODE_86_length_1913_cov_0.384658	2483610.0	bacteria													
SRR7892476	NODE_95_length_1812_cov_2.654599	2591407.0	bacteria													
SRR7892476	NODE_96_length_1811_cov_0.337886	2212563.0	bacteria													
SRR7892476	NODE_99_length_1789_cov_3.057160	2589652.0	bacteria													
SRR7892476	NODE_105_length_1768_cov_1.193784	2099390.0	bacteria													
SRR7892476	NODE_108_length_1759_cov_0.240196	2099850.0	bacteria													
SRR7892476	NODE_110_length_1751_cov_5.743842	2315629.0	bacteria													
SRR7892476	NODE_114_length_1737_cov_3.072671	2591407.0	bacteria													
SRR7892476	NODE_117_length_1696_cov_0.650096	2100421.0	bacteria													
SRR7892476	NODE_130_length_1658_cov_0.244285	2589652.0	bacteria													
SRR7892476	NODE_146_length_1593_cov_1.293315	2212563.0	bacteria													
SRR7892476	NODE_175_length_1503_cov_1.438953	2500166.0	bacteria													
SRR7892476	NODE_183_length_1483_cov_3.705015	2496551.0	bacteria	Shigella phage pSf-1	Viruses; Caudovirales; Siphoviridae; Tunavirinae; Hanrivervirus; Shigella virus pSf1	NC_021331				623.0	Shigella flexneri	Bacteria; Proteobacteria; Gammaproteobacteria; Enterobacterales; Enterobacteriaceae; Shigella		RefSeq		
SRR7892476	NODE_202_length_1450_cov_1.839002	2548053.0	bacteria													
SRR7892476	NODE_218_length_1425_cov_0.925270	2500166.0	bacteria													
SRR7892476	NODE_223_length_1412_cov_0.865370	2234035.0	bacteria													
SRR7892476	NODE_231_length_1402_cov_0.789804	1982370.0	bacteria													
SRR7892476	NODE_232_length_1401_cov_1.847724	1193974.0	vertebrates	Human enterovirus	Viruses; Riboviria; Picornavirales; Picornaviridae; Enterovirus; unclassified Enterovirus	NC_030454				9606.0	Homo sapiens	Eukaryota; Metazoa; Chordata; Craniata; Sarcopterygii; Mammalia; Euarchontoglires; Primates; Haplorrhini; Simiiformes; Catarrhini; Hominoidea; Hominidae; Homininae; Homo		NCBI Virus, RefSeq		
SRR7892476	NODE_235_length_1395_cov_11.050473	2212563.0	bacteria													
SRR7892476	NODE_237_length_1389_cov_1.663233	2589652.0	bacteria													
SRR7892476	NODE_243_length_1379_cov_2.987220	1982370.0	bacteria													
SRR7892476	NODE_247_length_1367_cov_0.341935	1194091.0	bacteria	Klebsiella phage NTUH-K2044-K1-1	Viruses; Caudovirales; Podoviridae; Autographivirinae; Drulisvirus; Klebsiella virus K244	NC_025418				573.0	Klebsiella pneumoniae	Bacteria; Proteobacteria; Gammaproteobacteria; Enterobacterales; Enterobacteriaceae; Klebsiella	25001459, 25853484	Literature		
SRR7892476	NODE_247_length_1367_cov_0.341935	1194091.0	bacteria	Klebsiella phage NTUH-K2044-K1-1	Viruses; Caudovirales; Podoviridae; Autographivirinae; Drulisvirus; Klebsiella virus K244	NC_025418				484021.0	Klebsiella pneumoniae subsp. pneumoniae NTUH-K2044	Bacteria; Proteobacteria; Gammaproteobacteria; Enterobacterales; Enterobacteriaceae; Klebsiella; Klebsiella pneumoniae	25001459, 25853484	Literature		
SRR7892476	NODE_250_length_1362_cov_26.299595	2601613.0	bacteria													
SRR7892476	NODE_258_length_1354_cov_10.241239	2212563.0	bacteria													
SRR7892476	NODE_259_length_1353_cov_8.253670	2212563.0	bacteria													
SRR7892476	NODE_260_length_1353_cov_0.238173	1907784.0	bacteria													
SRR7892476	NODE_285_length_1323_cov_0.477425	2099850.0	bacteria													
SRR7892476	NODE_292_length_1320_cov_0.251467	2508196.0	bacteria													
SRR7892476	NODE_294_length_1317_cov_5.153782	2589652.0	bacteria													
SRR7892476	NODE_298_length_1309_cov_2.588832	2589652.0	bacteria													
SRR7892476	NODE_304_length_1303_cov_0.172619	1129147.0	bacteria	Klebsiella phage KP27	Viruses; Caudovirales; Myoviridae; Tevenvirinae; Slopekvirus; Klebsiella virus KP27	NC_020080				573.0	Klebsiella pneumoniae	Bacteria; Proteobacteria; Gammaproteobacteria; Enterobacterales; Enterobacteriaceae; Klebsiella		RefSeq		
SRR7892476	NODE_320_length_1282_cov_0.492641	674081.0	bacteria	Klebsiella phage KP34	Viruses; Caudovirales; Podoviridae; Autographivirinae; Drulisvirus; Klebsiella virus KP34	NC_013649				573.0	Klebsiella pneumoniae	Bacteria; Proteobacteria; Gammaproteobacteria; Enterobacterales; Enterobacteriaceae; Klebsiella	21327407, 25853484	Literature, RefSeq		
SRR7892476	NODE_322_length_1280_cov_0.199480	1907784.0	bacteria													
SRR7892476	NODE_327_length_1271_cov_0.267483	1129191.0	bacteria	Klebsiella phage KP36	Viruses; Caudovirales; Siphoviridae; Tunavirinae; Webervirus; Klebsiella virus KP36	NC_029099				573.0	Klebsiella pneumoniae	Bacteria; Proteobacteria; Gammaproteobacteria; Enterobacterales; Enterobacteriaceae; Klebsiella		RefSeq		
SRR7892476	NODE_336_length_1263_cov_0.822183	1904925.0	bacteria													
SRR7892476	NODE_350_length_1244_cov_2.180842	2589652.0	bacteria													
SRR7892476	NODE_359_length_1234_cov_0.441734	2591407.0	bacteria													
SRR7892476	NODE_370_length_1224_cov_1.475843	1647408.0	bacteria	Klebsiella phage KLPN1	Viruses; Caudovirales; Siphoviridae; Tunavirinae; Webervirus; Klebsiella virus KLPN1	NC_028760				72407.0	Klebsiella pneumoniae subsp. pneumoniae	Bacteria; Proteobacteria; Gammaproteobacteria; Enterobacterales; Enterobacteriaceae; Klebsiella; Klebsiella pneumoniae		RefSeq		
SRR7892476	NODE_376_length_1220_cov_2.273559	2589652.0	bacteria													
SRR7892476	NODE_380_length_1214_cov_0.220791	2054272.0	bacteria													
SRR7892476	NODE_390_length_1208_cov_0.124884	2483610.0	bacteria													
SRR7892476	NODE_394_length_1207_cov_0.062037	10509.0	vertebrates													
SRR7892476	NODE_396_length_1206_cov_0.387396	2099850.0	bacteria													
SRR7892476	NODE_402_length_1203_cov_1.267658	1785176.0	bacteria													
SRR7892476	NODE_404_length_1202_cov_0.409302	1907784.0	bacteria													
SRR7892476	NODE_410_length_1199_cov_0.445896	1852657.0	bacteria	Klebsiella phage KpV475	Viruses; Caudovirales; Podoviridae; Autographivirinae; Drulisvirus; Klebsiella virus KpV475	NC_031025				573.0	Klebsiella pneumoniae	Bacteria; Proteobacteria; Gammaproteobacteria; Enterobacterales; Enterobacteriaceae; Klebsiella		RefSeq		
SRR7892476	NODE_413_length_1198_cov_0.441643	1719140.0	bacteria	Klebsiella phage vB_KpnM_KB57	Viruses; Caudovirales; Myoviridae; Vequintavirinae; unclassified Vequintavirinae	NC_028659				573.0	Klebsiella pneumoniae	Bacteria; Proteobacteria; Gammaproteobacteria; Enterobacterales; Enterobacteriaceae; Klebsiella		NCBI Virus, RefSeq		
SRR7892476	NODE_414_length_1196_cov_0.086997	2500166.0	bacteria													
SRR7892476	NODE_418_length_1193_cov_0.439024	2099850.0	bacteria													
SRR7892476	NODE_420_length_1193_cov_0.174484	674081.0	bacteria	Klebsiella phage KP34	Viruses; Caudovirales; Podoviridae; Autographivirinae; Drulisvirus; Klebsiella virus KP34	NC_013649				573.0	Klebsiella pneumoniae	Bacteria; Proteobacteria; Gammaproteobacteria; Enterobacterales; Enterobacteriaceae; Klebsiella	21327407, 25853484	Literature, RefSeq		
SRR7892476	NODE_421_length_1192_cov_0.343662	2099850.0	bacteria													
SRR7892476	NODE_439_length_1179_cov_1.051331	674081.0	bacteria	Klebsiella phage KP34	Viruses; Caudovirales; Podoviridae; Autographivirinae; Drulisvirus; Klebsiella virus KP34	NC_013649				573.0	Klebsiella pneumoniae	Bacteria; Proteobacteria; Gammaproteobacteria; Enterobacterales; Enterobacteriaceae; Klebsiella	21327407, 25853484	Literature, RefSeq		
SRR7892476	NODE_455_length_1172_cov_0.120574	2099850.0	bacteria													
SRR7892476	NODE_476_length_1162_cov_0.298551	2508196.0	bacteria													
SRR7892476	NODE_481_length_1159_cov_1.759690	1970798.0	bacteria													
SRR7892476	NODE_487_length_1156_cov_2.621963	2575323.0	bacteria													
SRR7892476	NODE_490_length_1153_cov_3.646199	2591407.0	bacteria													
SRR7892476	NODE_491_length_1153_cov_1.601365	1982370.0	bacteria													
SRR7892476	NODE_501_length_1146_cov_0.500491	2589652.0	bacteria													
SRR7892476	NODE_505_length_1142_cov_0.371429	2508196.0	bacteria													
SRR7892476	NODE_510_length_1138_cov_2.378833	2589652.0	bacteria													
SRR7892476	NODE_514_length_1136_cov_0.186323	2562725.0	bacteria													
SRR7892476	NODE_518_length_1135_cov_0.139881	2212563.0	bacteria													
SRR7892476	NODE_524_length_1132_cov_0.130348	1675607.0	bacteria	Klebsiella phage Matisse	Viruses; Caudovirales; Myoviridae; Tevenvirinae; Slopekvirus; Klebsiella virus Matisse	NC_028750				573.0	Klebsiella pneumoniae	Bacteria; Proteobacteria; Gammaproteobacteria; Enterobacterales; Enterobacteriaceae; Klebsiella		RefSeq		
SRR7892476	NODE_529_length_1130_cov_0.831505	2589652.0	bacteria													
SRR7892476	NODE_540_length_1124_cov_1.808425	2500828.0	bacteria													
SRR7892476	NODE_558_length_1115_cov_0.113360	2047786.0	bacteria													
SRR7892476	NODE_559_length_1114_cov_0.932118	1051675.0	bacteria	Erwinia phage vB_EamP-S6	Viruses; Caudovirales; Podoviridae; unclassified Podoviridae	NC_019514				552.0	Erwinia amylovora	Bacteria; Proteobacteria; Gammaproteobacteria; Enterobacterales; Erwiniaceae; Erwinia		NCBI Virus, RefSeq		
SRR7892476	NODE_570_length_1111_cov_0.396341	1982370.0	bacteria													
SRR7892476	NODE_575_length_1109_cov_0.794297	2483610.0	bacteria													
SRR7892476	NODE_586_length_1103_cov_0.430328	2070202.0	bacteria													
SRR7892476	NODE_588_length_1102_cov_8.723077	2508189.0	bacteria													
SRR7892476	NODE_589_length_1102_cov_3.540513	1982370.0	bacteria													
SRR7892476	NODE_594_length_1100_cov_0.602261	2562725.0	bacteria													
SRR7892476	NODE_595_length_1100_cov_0.383350	1982370.0	bacteria													
SRR7892476	NODE_599_length_1096_cov_0.545924	2483610.0	bacteria													
SRR7892476	NODE_608_length_1091_cov_0.390041	2099850.0	bacteria													
SRR7892476	NODE_609_length_1091_cov_0.255187	2613911.0	bacteria													
SRR7892476	NODE_611_length_1090_cov_2.582555	2591407.0	bacteria													
SRR7892476	NODE_612_length_1090_cov_0.138110	1982370.0	bacteria													
SRR7892476	NODE_638_length_1079_cov_0.330882	2483610.0	bacteria													
SRR7892476	NODE_659_length_1070_cov_0.215270	1912321.0	bacteria	Klebsiella phage vB_KpnM_KpV52	Viruses; Caudovirales; Myoviridae; Jedunavirus; Klebsiella virus KpV80	NC_041900				573.0	Klebsiella pneumoniae	Bacteria; Proteobacteria; Gammaproteobacteria; Enterobacterales; Enterobacteriaceae; Klebsiella		RefSeq		
SRR7892476	NODE_660_length_1070_cov_0.205726	1675608.0	bacteria	Klebsiella phage Miro	Viruses; Caudovirales; Myoviridae; Tevenvirinae; Slopekvirus; Klebsiella virus Miro	NC_041981				573.0	Klebsiella pneumoniae	Bacteria; Proteobacteria; Gammaproteobacteria; Enterobacterales; Enterobacteriaceae; Klebsiella		RefSeq		
SRR7892476	NODE_664_length_1068_cov_0.091392	2070184.0	bacteria													
SRR7892476	NODE_670_length_1065_cov_1.083156	1982578.0	bacteria													
SRR7892476	NODE_673_length_1063_cov_3.021368	196895.0	bacteria													
SRR7892476	NODE_677_length_1062_cov_0.301604	1907784.0	bacteria													
SRR7892476	NODE_683_length_1061_cov_0.702355	2508196.0	bacteria													
SRR7892476	NODE_702_length_1052_cov_1.349189	2591407.0	bacteria													
SRR7892476	NODE_709_length_1050_cov_0.406284	2483610.0	bacteria													
SRR7892476	NODE_712_length_1049_cov_0.853579	2099390.0	bacteria													
SRR7892476	NODE_731_length_1044_cov_0.148310	707757.0	bacteria	Klebsiella phage KP15	Viruses; Caudovirales; Myoviridae; Tevenvirinae; Slopekvirus; Klebsiella virus KP15	NC_014036				573.0	Klebsiella pneumoniae	Bacteria; Proteobacteria; Gammaproteobacteria; Enterobacterales; Enterobacteriaceae; Klebsiella		RefSeq		
SRR7892476	NODE_746_length_1040_cov_0.672508	2500166.0	bacteria													
SRR7892476	NODE_747_length_1040_cov_0.627601	2483610.0	bacteria													
SRR7892476	NODE_749_length_1038_cov_0.922064	1982370.0	bacteria													
SRR7892476	NODE_750_length_1037_cov_2.724176	2499073.0	bacteria													
SRR7892476	NODE_754_length_1036_cov_0.282728	2070202.0	bacteria													
SRR7892476	NODE_762_length_1032_cov_0.638674	2510477.0	bacteria													
SRR7892476	NODE_773_length_1026_cov_2.033370	2500166.0	bacteria													
SRR7892476	NODE_774_length_1026_cov_0.321468	1985328.0	bacteria													
SRR7892476	NODE_776_length_1025_cov_0.785078	2575323.0	bacteria													
SRR7892476	NODE_789_length_1018_cov_0.152637	2548049.0	bacteria													
SRR7892476	NODE_791_length_1017_cov_0.129213	707757.0	bacteria	Klebsiella phage KP15	Viruses; Caudovirales; Myoviridae; Tevenvirinae; Slopekvirus; Klebsiella virus KP15	NC_014036				573.0	Klebsiella pneumoniae	Bacteria; Proteobacteria; Gammaproteobacteria; Enterobacterales; Enterobacteriaceae; Klebsiella		RefSeq		
SRR7892476	NODE_792_length_1017_cov_0.069663	2547246.0	bacteria													
SRR7892476	NODE_794_length_1016_cov_0.218223	2613911.0	bacteria													
SRR7892476	NODE_796_length_1015_cov_0.081081	2508196.0	bacteria													
SRR7892476	NODE_818_length_1005_cov_0.379271	2099850.0	bacteria													
SRR7892476	NODE_821_length_1005_cov_0.193622	2483610.0	bacteria													
SRR7892476	NODE_823_length_1004_cov_0.287343	1913572.0	bacteria													
SRR7892476	NODE_828_length_1001_cov_1.050343	1555207.0	bacteria													
SRR7892476	NODE_841_length_998_cov_0.133180	2054272.0	bacteria													
SRR7892476	NODE_844_length_997_cov_0.764368	2496551.0	bacteria	Shigella phage pSf-1	Viruses; Caudovirales; Siphoviridae; Tunavirinae; Hanrivervirus; Shigella virus pSf1	NC_021331				623.0	Shigella flexneri	Bacteria; Proteobacteria; Gammaproteobacteria; Enterobacterales; Enterobacteriaceae; Shigella		RefSeq		
SRR7892476	NODE_847_length_996_cov_0.779056	2500166.0	bacteria													
SRR7892476	NODE_855_length_995_cov_0.319124	2589652.0	bacteria													
SRR7892476	NODE_856_length_994_cov_0.411765	2548052.0	bacteria													
SRR7892476	NODE_860_length_993_cov_0.129330	1852638.0	bacteria													
SRR7892476	NODE_871_length_989_cov_0.909513	2500166.0	bacteria													
SRR7892476	NODE_881_length_986_cov_1.135041	2268610.0	bacteria													
SRR7892476	NODE_900_length_982_cov_0.350877	68887.0	vertebrates,human	Torque teno virus	Viruses; Anelloviridae; unclassified Anelloviridae	NC_015783				9606.0	Homo sapiens	Eukaryota; Metazoa; Chordata; Craniata; Sarcopterygii; Mammalia; Euarchontoglires; Primates; Haplorrhini; Simiiformes; Catarrhini; Hominoidea; Hominidae; Homininae; Homo	21593173	Literature		
SRR7892476	NODE_903_length_981_cov_0.391101	2053702.0	bacteria													
SRR7892476	NODE_910_length_978_cov_0.106933	707757.0	bacteria	Klebsiella phage KP15	Viruses; Caudovirales; Myoviridae; Tevenvirinae; Slopekvirus; Klebsiella virus KP15	NC_014036				573.0	Klebsiella pneumoniae	Bacteria; Proteobacteria; Gammaproteobacteria; Enterobacterales; Enterobacteriaceae; Klebsiella		RefSeq		
SRR7892476	NODE_916_length_976_cov_0.166078	1852638.0	bacteria													
SRR7892476	NODE_917_length_975_cov_0.451651	1129191.0	bacteria	Klebsiella phage KP36	Viruses; Caudovirales; Siphoviridae; Tunavirinae; Webervirus; Klebsiella virus KP36	NC_029099				573.0	Klebsiella pneumoniae	Bacteria; Proteobacteria; Gammaproteobacteria; Enterobacterales; Enterobacteriaceae; Klebsiella		RefSeq		
SRR7892476	NODE_918_length_975_cov_0.166274	2601650.0	bacteria													
SRR7892476	NODE_938_length_970_cov_0.245552	2099850.0	bacteria													
SRR7892476	NODE_939_length_970_cov_0.185053	2589652.0	bacteria													
SRR7892476	NODE_962_length_962_cov_0.397605	2548094.0	bacteria													
SRR7892476	NODE_965_length_962_cov_0.191617	2562174.0	bacteria													
SRR7892476	NODE_976_length_959_cov_1.836538	2575323.0	bacteria													
SRR7892476	NODE_984_length_956_cov_0.490953	1907784.0	bacteria													
SRR7892476	NODE_989_length_954_cov_0.863362	2099850.0	bacteria													
SRR7892476	NODE_993_length_953_cov_1.320823	2419682.0	bacteria													
SRR7892476	NODE_997_length_953_cov_0.221550	1904925.0	bacteria													
SRR7892476	NODE_999_length_952_cov_0.488485	2530029.0	bacteria													
SRR7892476	NODE_1003_length_951_cov_1.345874	2099850.0	bacteria													
SRR7892476	NODE_1006_length_951_cov_0.127427	1907784.0	bacteria													
SRR7892476	NODE_1010_length_950_cov_0.110571	2099850.0	bacteria													
SRR7892476	NODE_1017_length_947_cov_0.524390	2212563.0	bacteria													
SRR7892476	NODE_1023_length_945_cov_0.385086	2053702.0	bacteria													
SRR7892476	NODE_1026_length_944_cov_0.097919	1913572.0	bacteria													
SRR7892476	NODE_1031_length_941_cov_0.454545	2508196.0	bacteria													
SRR7892476	NODE_1036_length_941_cov_0.131450	38018.0	bacteria													
SRR7892476	NODE_1039_length_941_cov_0.056511	38018.0	bacteria													
SRR7892476	NODE_1045_length_939_cov_0.311576	2034166.0	bacteria													
SRR7892476	NODE_1054_length_938_cov_0.056720	2530028.0	bacteria													
SRR7892476	NODE_1060_length_936_cov_0.187886	2530028.0	bacteria													
SRR7892476	NODE_1070_length_933_cov_0.393300	2548094.0	bacteria													
SRR7892476	NODE_1072_length_933_cov_0.194789	2060945.0	bacteria													
SRR7892476	NODE_1085_length_929_cov_0.301746	1982370.0	bacteria													
SRR7892476	NODE_1092_length_927_cov_0.277500	2589652.0	bacteria													
SRR7892476	NODE_1093_length_927_cov_0.160000	2562725.0	bacteria													
SRR7892476	NODE_1124_length_919_cov_1.984848	2562725.0	bacteria													
SRR7892476	NODE_1141_length_915_cov_0.482234	2589652.0	bacteria													
SRR7892476	NODE_1146_length_914_cov_0.720457	2589652.0	bacteria													
SRR7892476	NODE_1147_length_914_cov_0.641677	1920865.0	bacteria													
SRR7892476	NODE_1154_length_913_cov_3.513995	2589652.0	bacteria													
SRR7892476	NODE_1164_length_912_cov_0.940127	1933773.0	bacteria													
SRR7892476	NODE_1175_length_910_cov_0.388250	2301688.0	bacteria													
SRR7892476	NODE_1177_length_910_cov_0.131545	1719140.0	bacteria	Klebsiella phage vB_KpnM_KB57	Viruses; Caudovirales; Myoviridae; Vequintavirinae; unclassified Vequintavirinae	NC_028659				573.0	Klebsiella pneumoniae	Bacteria; Proteobacteria; Gammaproteobacteria; Enterobacterales; Enterobacteriaceae; Klebsiella		NCBI Virus, RefSeq		
SRR7892476	NODE_1187_length_907_cov_0.662821	2562725.0	bacteria													
SRR7892476	NODE_1198_length_906_cov_0.672657	1758150.0	bacteria													
SRR7892476	NODE_1205_length_905_cov_0.430591	2508196.0	bacteria													
SRR7892476	NODE_1210_length_904_cov_0.550837	2483610.0	bacteria													
SRR7892476	NODE_1213_length_904_cov_0.297297	122929.0	vertebrates,human	Norovirus GII	Viruses; Riboviria; Caliciviridae; Norovirus; Norwalk virus	NC_039477, NC_040876				9606.0	Homo sapiens	Eukaryota; Metazoa; Chordata; Craniata; Sarcopterygii; Mammalia; Euarchontoglires; Primates; Haplorrhini; Simiiformes; Catarrhini; Hominoidea; Hominidae; Homininae; Homo		RefSeq		
SRR7892476	NODE_1219_length_903_cov_0.310567	2099850.0	bacteria													
SRR7892476	NODE_1234_length_901_cov_0.568475	1719140.0	bacteria	Klebsiella phage vB_KpnM_KB57	Viruses; Caudovirales; Myoviridae; Vequintavirinae; unclassified Vequintavirinae	NC_028659				573.0	Klebsiella pneumoniae	Bacteria; Proteobacteria; Gammaproteobacteria; Enterobacterales; Enterobacteriaceae; Klebsiella		NCBI Virus, RefSeq		
SRR7892476	NODE_1244_length_900_cov_0.398448	1701805.0	bacteria	Klebsiella phage Kp2	Viruses; Caudovirales; Podoviridae; Autographivirinae; Drulisvirus; Klebsiella virus Kp2	NC_028664				573.0	Klebsiella pneumoniae	Bacteria; Proteobacteria; Gammaproteobacteria; Enterobacterales; Enterobacteriaceae; Klebsiella		RefSeq		
SRR7892476	NODE_1263_length_895_cov_1.628906	1982370.0	bacteria													
SRR7892476	NODE_1264_length_895_cov_0.759115	1985328.0	bacteria													
SRR7892476	NODE_1271_length_893_cov_0.853786	2047786.0	bacteria													
SRR7892476	NODE_1276_length_892_cov_0.257516	2099850.0	bacteria													
SRR7892476	NODE_1289_length_888_cov_0.709593	2508196.0	bacteria													
SRR7892476	NODE_1297_length_886_cov_0.283267	1907784.0	bacteria													
SRR7892476	NODE_1307_length_885_cov_0.031662	2562174.0	bacteria													
SRR7892476	NODE_1309_length_883_cov_1.120370	1982370.0	bacteria													
SRR7892476	NODE_1311_length_883_cov_0.448413	1193974.0	vertebrates	Human enterovirus	Viruses; Riboviria; Picornavirales; Picornaviridae; Enterovirus; unclassified Enterovirus	NC_030454				9606.0	Homo sapiens	Eukaryota; Metazoa; Chordata; Craniata; Sarcopterygii; Mammalia; Euarchontoglires; Primates; Haplorrhini; Simiiformes; Catarrhini; Hominoidea; Hominidae; Homininae; Homo		NCBI Virus, RefSeq		
SRR7892476	NODE_1315_length_883_cov_0.219577	2267885.0	bacteria													
SRR7892476	NODE_1319_length_882_cov_7.011921	2575323.0	bacteria													
SRR7892476	NODE_1323_length_882_cov_0.312583	2589652.0	bacteria													
SRR7892476	NODE_1324_length_882_cov_0.162914	2601611.0	bacteria													
SRR7892476	NODE_1326_length_882_cov_0.075497	2041212.0	bacteria	Klebsiella phage vB_KpnM_KpV79	Viruses; Caudovirales; Myoviridae; Jedunavirus; Klebsiella virus KpV52	NC_042041				573.0	Klebsiella pneumoniae	Bacteria; Proteobacteria; Gammaproteobacteria; Enterobacterales; Enterobacteriaceae; Klebsiella		RefSeq		
SRR7892476	NODE_1330_length_881_cov_0.062334	2601623.0	bacteria													
SRR7892476	NODE_1333_length_879_cov_2.321809	2575323.0	bacteria													
SRR7892476	NODE_1370_length_873_cov_0.160858	2508196.0	bacteria													
SRR7892476	NODE_1376_length_872_cov_0.310067	2267885.0	bacteria													
SRR7892476	NODE_1394_length_869_cov_0.173854	1933773.0	bacteria													
SRR7892476	NODE_1399_length_868_cov_0.757085	2496545.0	bacteria	Escherichia phage SRT8	Viruses; Caudovirales; Siphoviridae; Tunavirinae; Sertoctavirus; Escherichia virus SRT8	NC_042043				511693.0	Escherichia coli BL21	Bacteria; Proteobacteria; Gammaproteobacteria; Enterobacterales; Enterobacteriaceae; Escherichia		RefSeq		
SRR7892476	NODE_1400_length_868_cov_0.686910	2562725.0	bacteria													
SRR7892476	NODE_1415_length_866_cov_0.400541	2099850.0	bacteria													
SRR7892476	NODE_1417_length_866_cov_0.323410	2483610.0	bacteria													
SRR7892476	NODE_1423_length_865_cov_3.283198	2591407.0	bacteria													
SRR7892476	NODE_1424_length_865_cov_1.191057	1982370.0	bacteria													
SRR7892476	NODE_1427_length_865_cov_0.422764	2099850.0	bacteria													
SRR7892476	NODE_1428_length_865_cov_0.215447	10509.0	vertebrates													
SRR7892476	NODE_1447_length_860_cov_7.338336	1982370.0	bacteria													
