Sample_name,Query_name,start,length,end,blast_concluded-name,blast_absolute-similarity,blast_refseq,blast_reverse-complement,polymerase_type,polymerase_type_support,polymerase_subtype,polymerase_subtype_support,capsid_type,capsid_type_support,capsid_subtype,capsid_subtype_support,nucleotides
SRR7892447,NODE_302_length_1805_cov_9.318,5162,1805,6979,Caliciviridae Sapovirus GII,73.64162,NC_006554,false,,,,,GII.5,93.0,,,GTGTTGGGTGTGTTTGGGTAACCCCAAGGGGCAAGAGCCCAATAATCAAGGGCGGAGTGATGTCCCCCAAGTCACCCCGCAGGACACGATTGGGCCAACTGGGGCACTACTCCTCCCAACTCAAATAGAGACACCAAATGCAATGGCACAACGTGTCGAGCTTGCCGCAGCCACAGGTGCCATATCTAGCAATGTCCCAAACTGCATCAGGGAGTGCTTTGCAGCTGTGACGACCATACCCTGGACAACTCGGCAAGCAGCTAACACCTTCCTCGGTGCCATTCACCTGGGACCACGCATCAACCCGTACACGGCACACCTTAGTGCGATGTTTGCGGGTTGGGGTGGCGGCTTCCAGGTCCGGGTCACCATGTCAGGTTCTGGCTTGTTTGCAGGGCGTGTCATCACGGCCATCCTGCCACCTGGTGTCAACCCTGCGGCTGTGCAAAACCCTGGGGTCTTTCCTCATGCATTCATTGATGCCCGAACAACGGCACCAATCTTAATCAACCTGCCAGATATACGCCCTGTTGACTTCCATCGAGTTGATGGGGACGAGGCCACTGCCACTGTTGGGCTCTGGGTGGCGCAGCCACTCATCAACCCGTTCCAGGCAACATCTGTGTCAACATGCTGGCTGAGTTTTGAAACTCGACCAGGGCCTGATTTTGATTTCTGTTTACTTAAGGCCCCTGAACAACAAATGGACAATGGGATTTCTCCTGCCGCCTTGCTTCCCAGGCGCTTGGGACGGTCACGTGGTAACCGCATGGGTGGTCGCATCTCAGGACTGGTTGTCGTGGCCCGTGCAGAGCAAGTAAATCACCACTTTTCTGCAGCATCCACCACACTAGGCTGGTCAACGCTGCCTTTGGAACCCATGGCGGCTGATATCTATTGGCACACTGACACAAACGGATCTCGAGTGCGTGGATTGGTTAGCGCTGCCGGTAAGGGCATCATTTTCCCAAACATTGTCAATCATTGGACTGATGTGGCCCTCTCCTCCAAGACCACTGGTTCCACCACCATGCCAACATCTGACTTTTCCAGTTCTCCTGGTGCCTCCGGCCCACTGGTGATGTTTAATGACAATGGAGATGTAAATGAACAAGATGTGCGCAGTGCCATATTCACCGTTGCTGACCAGAGTTTCACCAACCTAGCCCCAACCTTTGATGGAGCCGGGATGTGGGTGTGGATGCCATGGGCGAGTACCAAACCTGGCTCTGCGGACAGCAACATATACATCAACCCCACCTGGATTAATGGCAGCCCAAGCCACGTCATCCAGGAGAAGTGCACTAACATGACTGGCACAAATTTCCAATTTGGAGGCACTGGCACTAATAACATCATGCTCTGGGAAGAGCAACACTTCACCTCCTGGCCTGGTGCAGCCCACATATATTGTTCACAGCTTGAGAGCACTGCAGAAATATTTCAGAACAACATAGTGAACATACCCACCAACCAAATGGCTGTTTTCAACGTGGAGACGGCTGGAAACTCTTTCCAAATTGGCATTTTGCCTAACGGGTATTGTGTCACTAATGCTACAATTGGCACACATCAATTGTTAGATTTTGAAACTAGCTTCAAGTTTGTTGGTCTCTTTCCTCAAAGCACTTCTTTACAAGGGCCTAATGGGAACTCTGGACGGGCCGTTAGATTCCTTGAATAATGTCTTGGTTTACAGGAGCTGCAATGGGTTTGGGCAGCGTGGTGGACATGGCTGGTACCATTTCCTCCATTGTTGCCCAGCACAAACAAATCGAACTGATGAAACAAGCACAACCAAACAC
SRR7892447,NODE_512_length_1396_cov_7.310,1745,1396,3141,Caliciviridae Sapovirus GII,74.22158,NC_006554,false,,,,,,,,,GTTTGGGTGTGTTTGGGCATTCTATCGTCGTGTCACAACAGTTGACGTGTCATCCCCGGCCATTGATGATTGGAAGAAGAAAAACCCCGGGAAGAAACCCCCTCAGGATTTGTACAAGAAAGATTTTTCCCATTTACGGCTCTCTGTGCGCCCTTATCTTGGCTACAATCCTGAAGGGGACACATTGGAGGGTGTTCGGGTGAAGCCGATCTTAACTAGCGTGGATGGCCTCTCTCGGCTCATGGAGACCAAGTTCAAGGAGCAGGGAAACGAATTGCGTAACCTTTGGATCACGTGCCCCCGTGATTTAGTAACACCTGCGGCGTCTGGCTTGAAATCTTATATGGCCGCCAACCGGGCCCTGGCACAAGTCTTCGCAGAGCCATCCTCAAATGAAATTGCGGAAACGTGCACTTCCAGAGTGTTCGTGTCCGCCAACAACCCTCCCCCATCTTTTGTTGGAAGACATGTCAAAATCACAGCCATCAACCCTTGGGATGCGTCCCTGGCCAACTCAATGTTGTCAATGTTTGAAACCAACACACACGTGCCCGCTGCCACCCAAAGGGAAATCATGTACCGAGTGTGGTCACCCTTGATACACATGCAAACACGAGAACCCAACACCCAAATGTTACCCTACATCAATAGGGTAGTCCCAGTTACCTCATCATTTGACTTTGTGCGTGGGTTGCGCCATCACCTCGGCTTGTGCTCCATTAAAGGGATGTGGAAAGCATACCAGGGGTGGCACAGCTCTGCAACAATCCTAGAATTCTTGTCCAAACACATGGAGGATGTGACATTCCCCTCAAACCCAGAATGTACCGTGTTTCGGGCCGCAGATGGTGATGTTATTTTCTACACATTTGGCTCCTATGCCTGTTTTGTGTCACCAGCACGGGTCCCGTTTGTGGGGGAACCACCAAAAACTGTCCATTCCAACATCACCCGCAACATGACATGGGTTGAAACACTGCGCTTGCTTGTTGAGACAATCACTGAAAGCTTGGCTCATTTTGGCCCACTGCTCCTGATGGTTCATAATGTGACGTATTTAACAACCAGGTCACAACGTGATGAGGAGGCTAAAGGTAAAACCAAACATGGCAGAGGAGCCAGACACGCACGTCGTGGTGGGGTGAGCTTGTCAGATGACGAGTACGATGAGTGGCGTGACTTAGTGCGTGACTGGAGGCAGGACATGACTGTTGGGGAGTTTGTGGAGTTGCGTGAGCGTTATGCTCTCGGTATGGACTCAGAAGATGTGCAGCGTTACCGGGCTTGGCTACAACTCCGTGCCATGCGACTGGGAGCAGGGGCATATCAGCACGCGACTATCATCGGGCGTGGCCGCGTTGAAGACACCATTATTCGCACACAACCTATGCGTGCA
SRR7892447,NODE_833_length_1118_cov_7.162,4148,1118,5266,Caliciviridae Sapovirus GIV,76.69246,DQ366346,true,,,,,,,,,GGGTGTGTTTGGTCCTGCGGGGTGACTTGGGGGACATCACTCCGCCCTTGATTATTGGGCTCTTGCCCCTTGGGGTTACCCAAACCCTCCATTTCAAACACTAATTTGGTAGTCTCTTCACTGGGACTATCTTGGCTGGTGCCTGTACCGCCTATGAACCACGCTTCGTAGGTGGCGAGAGCCTGGTCAAAATTCACGTTGGTGAGAACCAACCCTTCAGCCTGTGCAGTCTTCTTCGCAATCTCGGCGACCTCCTCAAAAACTGCATGGCCGTGTTGTGAGGCATAGGCAAGGGCATTCTCAAGCTGTACACTACGGGCCTCTCTGTCATATGCGGGGGGGGAGGTTATGTCTGTGGTGCGGTTGGCCTTAATCCAAAAGAATTGTCGCTTGATCGATGTAATATCAAGTAACCCCCGAATTCCCCGTGGCGTACAAGTTAGTGTGCGTTTGAGGAAGACTGGTGTATGGGTTGGCACAATCTTGTCAGTTTTGTCTGCAGCAGTGGGCCGTAGGCCGAAGGCGGTGAGGTTTGCCAAGACAGTGTCAAAGATGGAAGCAGTTGCTGGACACAAAGAGTAGATGCAGTCGTCACCGTACGTGTGCACGGTCTCGACTTGGAACACATTGCCAGTGTACGGCGCCCCGTGTTGTTCATAAGCTTTTAAAACTGCAGCTGCAAAATATGTCATGTGGTTGAGTGAATTCACCACACTAGTGAATGGCATGCCAGAAGGGAGCCCTGATTTTGTAACAAAAATTATGTCATTCAGATGGCCGCGGGCTGGTGATGACAGCAATTCGACAGCTGAAGTGGTTATTGGCGTTGCCTCAGACAGCCGTTCAAGAATGGACAAAGAAGCAGCTGTGACTGCAGGGTGCTGCGTGGAGTCCCATTTGCTGTAGTCAAGGCAGTACACCACCCCACCTTTAAGGGACTCGTTAAGCACCTCAACTTGGTAGCTGTCCATGTTGATGCCAACACCAACAGGTGTCATGGGTGCTACTGCCTGCAGGCGTGTGGCAATCCCTTTGAAAGCGGCTGTTGCGATTAGGGTCGCACCCGCGTCACACCCCCACAATAGGCGACGTTTGCCTTGTTGGTTTTTCTCAATTGG
SRR7892447,NODE_2076_length_762_cov_5.778,3423,762,4185,Caliciviridae Sapovirus GII,74.62686,NC_006554,false,,,,,,,,,GTGTGTTTGGCGCTTGGTGATACATATGAAACACCCAACATCACAGTCCATGGGTTCCACCTACGCATCATCAACGGTTACCCAACCAAGCGTGGTGACTGCGGCACCCCATACTTCGACTCGTGCCGGAGATTGGTGGGGTTGCACGCCGCCACGTCAACCAATGGAGAGACAAAACTGGCACAAAAGGTGAGCCGAGTCTCAAAGGTGGAAAATGCCTTTGCTTGGAAGGGCCTGCCTGTTTTGCGGGGTCCTGATTGCGGTGGGATGCCCACCGGGACGAGGTACCACCGGTCCCCGGCTTGGCCAGAACAACAGTCAAATGAAACACATGCCCCCGCACCCTTTGGTGCTGGAGACTCTCGGTACAACTTCTCACAGGTAGAAATGTTGGTTACTGGCCTCAAGCCCTATTCTGAGCCCACACCAGGCATTCCCCCTGCCCTCCTGCAGCGGGCAGCCACACACACCCGCACCTACCTGGAGTCAATAGTGGGCACTCACAGATCCAAAAATTTGACATACAATGAGGCATGTGCTTTATTAGACCGCGGCACATCCTGTGGCCCATTCATCGCTGGCCAAAAGGGGGATTTCTGGGATGAAGACCGGCAATGCTACACTGGGGTGTTGGCCGAGCACCTTGCAAAAGTTTGGGACGCTGCCAATCGAGGCGTGGCACCGCAGAACGCTTACAAGTTGGCCCTCAAAGATGAATTGCGACCAATTGAGAAAAACCAACAAGGCAAACGTCGCCTATTG
SRR7892447,NODE_3396_length_632_cov_2.477,1215,632,1847,Caliciviridae Sapovirus GII,76.26841,NC_006554,false,,,,,,,,,CTGGTAGAACTTGCTGCATCGAGGGATGTTACTGGAACTGAGGAGCTGAAGCGGTTATTAGAATGTTTCACTCAGCTTATTGAGGAAGGCACAGAACTTATACAGGAGTTTGGAACATCACCAATGGCAGGGCTCACGCGCTCCTACGTGAGCGAGCTAGAAACCGCTGCTAACGGTATTAGAAGCACTATTCTTTTGGATACCCCCAGAAAGGTTCCTGTAGCAATAATTCTTACTGGACCCCCAGGTATAGGGAAAACCCACCTTGCCCAACATTTGGCTGCTGGCTTTGGTAAGACCTCAAACTTTTCAGTTACCCTTGACCATCATGATTCCTACACTGGTAATGATGTGGCTATATGGGATGAATTTGATGTGGATGCTCAGGGCAAATTTGTGGAAACTATGATTGGTGTGGTGAATACAGCACCGTACCCATTAAACTGTGATAGAGTGGAGAACAAGGGTAAAGTGTTTACATCCAATTATATCATCTGCACCAGTAACTACCCCACATCTGTCTTGCCAGAAAACCCAAGGGCCGGGGCATTCTATCGTCGTGTCACAACAGTTGACGTGTCATCCCCGGCCATTGATGATTGGAAGAAGAAAAACCCCAATCCAAACACACC
SRR7892447,NODE_4482_length_571_cov_4.008,215,571,786,Caliciviridae Sapovirus GIV,77.63401,DQ366346,true,,,,,,,,,GTTAAAACAGTGGTCGCAGCTTTGCCAGCAGTGACAAGTTAATATAATTGGCATTCGTGGTAAACTGCGTGCGCATGCCTTCACAAAAGTGCACGATAAGTTGTCGCACAATTTCTGCTGGTTCTGAAAACTTTTTCTTCCATGACGTGCACTTCACAAGTGGTATGAAGAATTCCTTGCCTTTCTTTACAACCTGGCGCCACATAGCGTAAAAGTAAGACTTTTGCTGTTGAGTTATTTCAGGGTCGACCAGAGGCAGCTCCTTGAACAGGTCTGCTCTCTCCCTTTCATGAGCTCTGCGGGCTTGCATCTCAGCTAGGGTTGCATGAACAGGGACATATTTGGTGATTTTGTTTATTAATTTGGTGAGCGAATCGGTGGAGTAGTGACGACGCAGGATGTGTCCTGGGTTGTGCGCTGCATCCACAAGCTCACCCTGTAACTTGGCCAAATCAGTTATGGACAATGGGAATTGCTCATGCGGGTCTATCCCAAACAACTCACGGAAGGTAGTGTCAGGATTGATGTCAACAGGAGGTTTGGACGCGAATGCATCCAGAGTCCCCAAACA
SRR7892447,NODE_5532_length_528_cov_2.656,6768,528,7296,Caliciviridae Norovirus GII,73.26008,NC_029646,true,,,,,,,,,GTTTGGAGGGAGGAGTCACATATGCAGTTTGGAGGGAGCCTCTCATAAAAGGGCTGAGTCTTTGCTGTTCAGATACCCAATCTCTAGTTCTAGATGTGCTACCAGATGAGGATGTAGTTGATGGAACACGGGTGGATGATGTGGAAAGAGAGGAGATGGATCCAGTAGATGACCCAGTTTGGTGTGTGGATCCCTCACTCTTGTGCACAACATTGGGAACAGGCCTATGAGAGGATTGGCTGACAAAACGACCTGAGTAAGCCGTGGTTTTCATTGCGCCCGGGGCCCAATATCTGGTGCCATTCCAATCCAAGATCTGTGTCATAGGGGCATTGACAGCCCCCCTCGCTGCATCAGTGGGGGAAAATCCGCCCTTGAGCAGCATACCTTCCTTAATGGCCATCATTTCCCTTTGCAGGTGCTTTGTGGCTTCCACCTGTGAGTTGAGCATGTCCTTGTCATGTTGGAAAGAGGCTGATTGCAGATGTCTATTATAATCATATTCAACCTTTTGGTTTATAACTAGGC
SRR7892448,NODE_126_length_3999_cov_29.96,-37,3999,3953,Caliciviridae Norovirus GI,70.10514,NC_001959,false,,,,,,,,,GTGTTGGGTGTGTTTGGTGAATGATGATGGCGTCAAACGACGCTATTGCCGTTGCTGATGTCAGCAATAACAATGCTAACACCAACAATGATAACATTGGATCCCGCCTTATGGCGAGGATCCGTGGGCGTATAGGCCCACAACGTGGTGAAACAACCACGAAGATAAAAGATGCCAACATGGCACTTGACCTGCTGCGCCGGTCACAAACACCTTCCCCATCCCGGCAAGAGAGCCCTCCCAAGAGCCAGAGGGACCGCCCCCCTCGAACCGCCTCTGAAGTGAAGAAAGCGATGGGATGGGATGTCGAACCAGAACATCAGGAGAGCACAGCCAAGGCATGGTGCGACCTCACACAAGAAGAGAAGGAGGAGATAATGCGCAATAATGAGAAACTCTTCGACGCTGGGGGAGTCACTCCATCGACCTTGCCTAGCACGTTTGAGAGGGCTGACTCAGTCGACAGTCCCATTGAACAGCAACCTGTAACATGGTCTGCTAGTGGAGGGGTCGACATCGGTGTTAATGACTTGACCACTGTCCGTGGCCCATTCTGGAACATGTGTCCCCTTCCACCACTAGATGCCCGGAACAATGGCCCCGCTAAAGAGCCCCTCATAGGGGACATGATAGAATTCTATGAAGGTCATATATTCCATTATGCCATTTACATCGGACAGGGCAAAACCATAGGGGTTCACTCACCGCAAGCGGCTTTCTCCATACCTAGAATAACCATCCATCCTTTAGTGGCCTGGTGGCGCGTTTGCTACGTCCCAACTAATCAACAGCGCCTCACCTATGACCAGCTTAAAGAGTTAGAGAATGAGCCATGGCCCTATGCTTCAATTACAAACAACTGCTATGAATTTTGCTGTAGAGTAATGGCACTTGATGACACCTGGCTTGAGCGGAGATTGGTTAGCACTGGAAAGTTCAACCACCCTACACAAGATTGGTCACAGGATACCCCAGATTTTCACCAGGACTCGAAGCTTGAGATGGTAAGAGATGCTGTATTGTCAGCTATTAATGGCCTTGTATCACAGCCCTTTAAAAACATTTTGTCAAAGATCAAACCATTGAATGTTCTCAACCTTTTGTCAAATTGTGATTGGACTTTTATGGGGGTCGTAGAGTTGATTGTACTCCTGGCAGAGTTATTTGATGTGTTTTGGACCCCACCAGACATTTCAAGCTTTATTGCCTCACTACTACCTGAATTCCATCTGCAGGGTCCAGAAGACCTGGCCAGGGACCTGGTTCCCCTTATTCTAGGTGGTATAGGCCTAGCCATTGGCTTCACCAGAGATAAAGTGACAAAGGTGATGAAAAGCGCCGTCGATGGGCTGCGGTCAGCAACACAGCTTGGGCAATACGGACTAGAAATATTCTCAATCATTAAGAAATACTTCTTTGGTGGGGACCAAGCGGAGAAGACCTTGCGGGGCATAGAGGATGCAGTGATAGACATGGAAGTGCTATCCAGCACCAATGTAACACAATTAGTCAAAGACAAAAAGTTGGCCAGAACGTACATGAATGTGCTGGATAATGAAGAGGAAAAAGCGAGGAAGCTCTCAGTCCGTAGCGCTGACCCACACATAGTGACTTCAGTCAACAATCTGATATCACGTATATCTATGGCAAGATCGGCCTTAGCCAAAGCCCAGGCTGAAATGACATCTCGTCCACGCCCGGTGGTCATAATGATGTGCGGCCCTCCCGGCATCGGAAAGACTAAGGCTGCCGAGCACTTGGCTGGTCGATTAGCAGCTGAAATTAGACCAGGAGGCAAGGTTGGCCTTGTGCCCCGGGAATCCATAGATCACTGGGACGGATATCATGGTGAGGACGTCCTACTATGGGATGACTATGGTATGTCAAAAATAACAGAGGACTGTAACAAGCTACAAGCCATAGCTGACACTGCACCCCTGTCACTCAATTGTGACAGAATAGAGAACAAAGGTATGCAGTTTTCTTCAGATGCAATAATCATAACTACTAATGCTCCTGGTCCGGCCCCAGTGGATTTTGTCAACTTAGGTCCTGTGTGCAGGCGTGTAGACTTCCTAGTTTACTGTTCTGCCCCTGAGATTGAGCAAATGAGGAGAGCCCACCCTGGTGATGCCAACGCCATTAAGGACCTGTACAAAAGAGATTATTCGCACCTAAAGATGGAACTGGCCCCACAAGGTGGATTTGACAGCCAGGGTAACACGCCATTCGGGAAAGGCATCATGAAGCCCACAACCCTCAACAGACTGCTCATTCAGGCAACAGCATTGGCTATGGAGCGGCAAGATGAGTTCCAGCTTCAAGGGACTGTCTACAACTTTGATGAAGACAGGGTGTCCGCCTTCACAAACCTTGCCCGCGCTAATGGCCTGGGGCTCATAAGCATGGCAACATTAGGTAAAAGACTCAGAAGTGTCAAAACCATGGAGGGCTTGCGTAATGCATTGGTGGGCTACAAAATAGGAGAGTGTGACATAATCTGGAACACCAGGGTGTACTCAATCAAAAGTGATGGCAACACTGTCACAATTAAAGAAAAACAAGCCCCAACCTCATCTCAACACCAGGCCATATGTACAGCCACTCTCGCACTCTCTAGATTGCGGGCCGCCAGGGCTCTTGCGTATGCATCCTGCTTGCAGAGTGCAGTGCTGTCAATACTCCAGGTGGCTGGCTCCGCCCTTGTGGTGAGCAGAGCTGTGAAACGTATGTTTGGCACGCATAATGAACAACCCATATTAGAAGGCAAGCACAAGGAACACAACTGCAGAGTGCATCGCGCAGAAGCAGCTGGCCATGGTCCCATTGGGCACGATGGGGTTATTGAACGCTATGGCTTGTGTGAGAGTGAACAAGAAGAAGAAGGTGAACAGACGGTCGAGTTGCCCACTGCCAGTAAAGAAGGTAAAAACAAGGGCAAAACCAAGAAGGGCCGTGGACGAAAGTCCAACTTTAATGCCTTCTCAAGACGTGGCCTCAGTGATGAAGAGTATGAAGAGTACAAAAAGATTAGAGAGGAAAAGAGTGGTAATTACAGTATCCAGGAGTACCTTGAGGACCGCCAGCGTTATGAGGAAGAACTTGCTGAAGTGCAGGCTGGTGGAGATGGTGGGATTGGTGAGACTGAAGCGGAAATCCGCCATCGGGTTTTCTATAAATCAAAATCAGGCATGAGGAAACAACGCCAGGAAGAGCGGCGTCAACTAGGCCTCGTCAGCGGTTCCGAGATTCGTAAACGCAAGCCCATAGACTGGACCCCTCCTAAAAATGATTGGTCAGAAGACACCAGGACTGTTAATTATGATGAACACATCAGTTTTGAGGCCCCTCCATCAATCTGGAGCAGGGTCGTAAAATTTGGTAGTGGTTGGGGTTTCTGGGTAAGTTCAACAGTCTTCATAACCACAACTCATGTTATACCACCTGGGGCCAAAGAGGTCTTTGGTGAAGACCTTAGCAATGTGGCCATCCACAGGGTTGGTGAATTCACCCAATTCCGTTTCTCCAAGAAGATGAGGCCAGACCTCACTGGCATGGTCCTAGAAGAAGGCTGCCCAGAGGGAACAGTGTGTACCATAATGATCAAGAGGGATTCTGGTGAGCTGCTACCACTCGCCGTCCGGATGGGGGCGGTGGCTTCAATGAAAATCCAAGGTAAGCTCATGCATGGGCAATCAGGAATGTTGCTCACTGGTGCCAATGCCAAAGGCATGGATCTTGGAACCATACCTGGTGATTGTGGAGCACCATATGTTCACAAGAGAGGGAACGATTGGGTAGTCTGTGGAGTCCATGCAGCCGCCACAAAATCGGGCAACACTGTGGTATGTGCTATACAGGGTGGTGATGGCGAAGCCACACTGGAGGGTGGTGGCCAAAATAAAGGTCACTATGCAGGGCATCCAATACTTAGATATGGAAATGGCCCCTCACTGTCAACCAAAACAAAATTCTGGAAATCCACCCCCTACCAAACAC
SRR7892448,NODE_968_length_1439_cov_37.45,5339,1439,6775,Caliciviridae Norovirus GI,75.20184,NC_001959,true,,,,,GI.3,100.0,,,GTTGGGTGTGTTTGGGTCTGGTAGGGGCCTGTTCATTGACAAAATGGGTAACAAATTCTTGGGGTATGGTGCAAGGCACGCTCAAGCCATTAGTGCCATGGGCAATAGGGAAATCTGACATAAAGAACACAATGGCCTCACCAAAACCTGGAGGGTATATTGGGGGGGCTAATTGGGCGGCCTCAGTCAAAGTCGAACCATATCGTGGGATAACCCACGGGTCGACATCTCTCCTATGTCCATCACTGACGGGTGACACCCATCCTAATTTAGCTATCATGTTAGTGTTGACACTCACATCATCCAGGCCGTCTGCTTGTATCGTGCCTAGGTGGGGTGCAAATGCTGACTCTTGTTTGACATTGATTTGCTTTATGACATCACCAGTATTGAATTGGGTGGTGGGGGAAGCCTCCATGTGCCAATCACATTCACCTAGATCTGGAAACCCTATCGGCGCAGGGCTCTCAAATGCATGGTATGGGCTCCCATCCAGCTCAGTTAGGTTATACCCATTCCCACCGTTAGCGTGGAAGACACTGCCTCTGATTTTACACAACTGGCTGGCTGACGTGGGCGTGGTGCCTTGCAGCTGCCCATCCAGTGTGACTCTACCATTTTGGAACTGGACCATCTGCCCATGATCTCTAGATATCATCATTGATTTAATTAGAGAAGGGACTCTTGAATTTGAAAGAGTATTCAATGGGAGATTTGGGACACTAAAAGGTTTGGTCTTTTGTTCCACATTGGGGGGGACCAAAAATAAAAAGCTAAAATCAGGGCTTGGGCATGTCAGAACGCGCCCAGCGATCACAAAAGGGTCAGTCCCAGATGAGCTACCACTGGCTCGCAGGGGGGTGTAGAGCATGCATACCAATCTCATGGTTGGTGTATTGTCATTGTTGTGGAACAACACATTTCTCACATCTTCCAATGGCACCTCAATGGGTTCTAAGACTCTAACATCAGCTATGACATGGGGGAACATTGTAGCTTGGGCAATAGAAATATTTTGTGCAGCAAAGCCAGGGGGTATGCAGCTAATAATTATTTTACCAGCCGTGAAGGCATTACCAGCCAATAGGACCTTCACTTTCATGTTACCAACCCAACCATTATACATTTGGGCCAAATGAGACAAGAAAGGATTGAGGTGGGGGCCTAATTGCAAATCAAACAGAATATCGCCTGGTGTGTTGTTGGGTGATATAGTGAATTCACCTTGAGGGGCTTGCACATAATTATTCATTATCCAGGGGTCAATCATATTAACTTGGCCAGCGGTTGCGGCAGCTGTTGCTGCCCCAGCCACAGGCTCCATTGATATAGGCTCAGCTGTATTTGCCTCTGGTACCAGCTGGCCGGCACCACTGGTGCCATCCATGTTTGTTGGGGCGTCCTTAGACGCCATCATCATTTACATAATCGGGCAGAAG
SRR7892448,NODE_1042_length_1389_cov_38.2,3868,1389,5257,Caliciviridae Norovirus GI,71.91831,NC_001959,true,GI.P3,100.0,,,,,,,GGGTGTGTTTGGTGATGATCTTGGATAACTCTACCAGCTATCTTCCTGTAGAACTTTTCACCATGGAGTGCTGCTTCACCCAGCAGGGATATTAATTGGACCTTCCTTTGTGAATGTGGGACTAGCGTCTCGAACGGGTCATCGTGGTTTGGCCCGCGAGTCCACCAAAGCTGTCTTTCAATGGAGTTACGGTCGAGCCGTCCCTGATATCCAATGGCATCTTTGGAGATGGTGCGCCGAAGGAAAACCAGGCCATCCACCTGCTGTCTGACTATGATTGGGCCATCAGTTTTGTCAGGTCTTGTGGGTTTTAAACCATACTCTTTCAGTATTTGTGTTAGTTTGATTGGGTCAAATTCTATGTCTGTTGAGACTATTTCATCATCACCATAAAATGAAAAGTAGGATTGTGATTGTATCACATCAGGGGACAAGCCAGTGACTTCTGACAATGCACATAGGGTTAGGATCCAGTGATTGATGCTATTTACCTGTGAAGTACATGGGAAACCAGATGGCAGACCATCTTTAACACTAATCACATAGTCGCCAACGTCCATTTCAGATGGGGAAAGTAGATCCTGTGCCACTACTGCGGCCAATGAGGGGTTGGCTGTGAGCTTGCACATGATATTAAAAGATTCCATCATGATCTCCCTGTTTTGTGTTGAGTCCCAAGCTGTGTAATCAGCGTCATAGTGGAACTTATACTTAGAATGCTCTGCATAAATCAAAGGGCCATCCTCTATGGCGTTCATACCCACCTTGATAGGCAACCTGATTACATGAGATTTTATAGCTTCACAGAATGGCCCAAAGGCCCTGGCGGCACGGATGACGGTGCCAAGATCCGCACCCCAAAGAAGTCTCTTTTTGATTTTAGTGTACACCTTGTCTGGTTTGACCAACTCGTCTTTGAGGGCTGCTGTGTACACGGGCTTCATGGATTTACCAAGTTCATACATGCTATTAGCATGTGCTGCCTGGTCGCCCAGTTCTCTCACAAATGAATTCCCATTCCAGTCGTCATTCTTCTTCTTATGGTGGGGGTGGCCAGAACTGGTTGTCTTATCCAGGGACATGCAGGCATCACTGTAACTCCAAGCTACTGGTGTGTCCATGACTTGTTCAATTGCATTGGTGACCGTTTCAACTGCAGCTTCCAGCAAGCCCGCTTCGGGCAGCCTACCACGGGGCTCGGCAAATGGTTTTAACTGATCCCTCAACACTTGTTGCAAGGATGGGCCCCCTTCAACCCTGGGGTCTCTGCCGCCAAGATAAGCTGGCTCATATGTGCCGGGGGGCAAAGGTTGGGGGGTGGATTTCCAGAATTTTGTTTTGGTTGACAGTGAGGGGCCATTTCCATATCTAAGTATTGGATGCCCTGCA
SRR7892448,NODE_5923_length_645_cov_14.71,7032,645,7666,Caliciviridae Norovirus GI,61.538464,NC_001959,false,,,,,,,,,TGCTTTACAACACCAGAGGTTCCAGCAAGATTTAACCCTACAAAAGAATTCCTTCAATCATGATAAAGAGATGATGGGCTTACAGGTTGAGGCTTCAACTGCACTCCTTCAAAACAGTTTGGGTACGCGGTACAACATGTTGACTAAAGCTGGGATGACATCTGCAGATGCGGCACGCATGGTTGTGGGGGCACCTGCAACGCGTGTCATTGACTGGAACGGGACTAGAATTGCCGCACCCATGTCAACCGCAACAACACTTAGATCTGGTGGCTTCATGACCGTACCAACTGTCTATAGGGGTGGTAAGAATAAACAATCAATTGGTGGTGGTTTTTCTAACATGAATTATGATCCCTCAGTTTCTTCCTCTCGGACTTCTAAGTGGGTTTCTTCACAAAATTCAATGCGTTCCACTATGGAACCATTTCATCCAGGTGCTCTAAGAACCACATGGGTTACCCCACCTGGATCAACTTCTACTTCTACAATTTCCACAGTTTCTACTGTGCCAAAATTCTTTAATACAGAAAGATTACCCTTATTCGCGAACAGGGGTAAGTGATTTTTGTAATATGAATTAGTGGGCATCATATTCAATTTGGAATCAATTAGATATTTAGATTGGCAGATGATGTTAAAAAA
